Product Link,Review Rating,Review Date,Review Title,Review Description,Review ID
https://shop.adidas.jp/products/IX6437,5 / 5,2023年11月3日,デザイン&機能性が,"デザイン共に機能性が最高です。着心地もgood。
162センチで骨格大きめ女子ですが、Ｍサイズでもルーズに着こなせます。",pussan
https://shop.adidas.jp/products/IX6437,5 / 5,2024年4月8日,過去最高傑作（試着必須）,"175cm53kg【Sサイズ】
今までもadidasのジャージは買ってきたが、これは最高傑作だと思う。着心地の良さと何よりはシルエットが綺麗。良すぎて色違いで二着買いました。
ただサイズ選びが難しい。自分の身長でSでゆるくきられる。
他でオーバーサイズで着ようとすると身幅がデカすぎたり、着丈が長すぎたりとちょうどいいゆるさにならないが、これは元からオーバーシルエットに作ってくれてあるぶん本当 ...
（続きを 読む）",rudo16
https://shop.adidas.jp/products/IX6437,5 / 5,2024年3月1日,動きやすい,長年SSTを愛用しています。初めてSST以外のジャージを購入致しましたが、このジャージ着やすくて動きやすいです！生地が薄めなので着用していて圧迫感がなく、特に3本線が独立の縫製ではないので腕がものすごく動かしやすいです。胸囲115cmです、SSTを購入する際はいつも4XLか5XLなのですが今回はXLを購入させて頂きました！まだ身幅に余裕がありゆったり着れます。,poipoi38
https://shop.adidas.jp/products/IX6437,5 / 5,2023年10月30日,めちゃくちゃいい,サイズ感、素材感、色味全てが今の気分に合う。スラックス、デニム、カーゴ何にでも合わせられる。セットアップで買うのもおすすめ,keeebn01245
https://shop.adidas.jp/products/IX6437,5 / 5,2023年10月15日,とっても使いやすいカラー！,"着心地もとっても良く、今の季節とっても活躍します！
サイズ感は大きめです。いつもMサイズでゆるっと着るのですがSサイズで充分にゆったり着れました！",taiyo
https://shop.adidas.jp/products/IX6437,5 / 5,2023年4月28日,カラーがとても気に入ってます！,"178cm痩せ型で3Lですが、今時な感じでルーズに着用出来ていまの時期ヘビロテしてます。
少しチャックがしづらいです。元からなのか分かりませんが、、。",akkun
https://shop.adidas.jp/products/IX6437,5 / 5,2023年10月8日,色合い,サイズ感は少し大きめで、大柄な私にはありがたいです。最高にカッコイイ色合いとシルエットです。是非お薦めしたいです。,goemon
https://shop.adidas.jp/products/IX6437,5 / 5,2024年4月12日,着心地がとてもいい,"寛ぎ感がありつつオシャレ感もあり
夫が購入したものを息子も着ることが重なり
２着目購入に至りました。
外出にも家着としても最適です",yanyanyan615
https://shop.adidas.jp/products/IX6437,5 / 5,2023年11月9日,とても可愛くてずっときたいとおもいます,丈感もちょうどよくて、風を通さない生地になっていて薄く見えるけど思ったよりあったかいです！！！、合わせやすくてかわいい,uuu22
https://shop.adidas.jp/products/IX6437,5 / 5,2023年9月17日,,普段Mサイズを着てますが、Lサイズでゆったり感でて常田さんのように着こなせます。着心地もよくこれからの季節にも丁度良いです。,mishg
https://shop.adidas.jp/products/IX6437,4 / 5,2024年4月7日,はじめてのジャージ,160 52キロほどの息子用です。カッコよく着れるようにセレクトショップでもおすすめのこちらにしました。別のデザインではMでしたが、こちらはゆったり目とのことでSにしたらちょうど良かったです。パンツも購入しようと思います。,Yana
https://shop.adidas.jp/products/IX6437,5 / 5,2024年3月15日,季節問わず使えそう,昔ながらのジャージが欲しく購入しました。質感、大成功でした。普段Ｌサイズですが、ゆったり着たいので2XL購入、155cmでお尻が隠れます。少し大き過ぎたかな？と思いましたが、家族で兼用できるし、冬はインナーで重ね着すると考えると正解だと思います。アイボリーが上品で、ブラックと悩みましたがオシャレ感は高いと思いました。,Ys0610
https://shop.adidas.jp/products/IX6437,5 / 5,2024年2月29日,2024.2.29新色発売,発売日に新色全て購入しました。お気に入りはクリアブラウン/ナイトインディゴ。これまでに無い優しいアースカラーが馴染む。次に明るめグリーンはこれからの新緑にとても合うと思います。最後に黒にパープルラインはキレイめコーデで納得できる。,lucky7878
https://shop.adidas.jp/products/IX6437,5 / 5,2023年4月28日,個人的にかなりツボです。,"正直今までのモデルは身幅が狭くて物足りなかったのですが、そこを見事にアップデートしてくださいました。個人的にかなりツボです。
ただ商品説明を読まないとビックシルエットという点に気づかずにスルーされそうなところが残念ポイントかなと。
あと、やや着丈が長めなのでサイズ表を要チェックで。",ambientsky
https://shop.adidas.jp/products/IX6437,3 / 5,2023年6月9日,色が画像と違う,黄色にブラックのラインに見えたが、届いたらオレンジに近くラインはネイビーだった。おすすめサイズを購入したが大き過ぎる。返品リクエストは出来ないし失敗だった。サックスや黒がある時に買えばよかった,setu
https://shop.adidas.jp/products/IX6437,4 / 5,2023年4月16日,サイズ選び,"身長160cm 体重55kg 普通体型で
一番小さなSサイズを選びましたが、思っていたよりも袖や裾 身体周りが大きく、生地が伸縮しないのでダブついてしまいます。
個人の感想ではMとL中間位のサイズ感です。
サイズ以外はカラーやデザインはお気に入りで気に入ってます。",hiroshi
https://shop.adidas.jp/products/IX6437,3 / 5,2023年6月8日,ダブルジップで使いやすい,ダブルジップのため中にシャツを合わせたりとお洒落の範囲が広がりました。XSでもゆとりがあるのでトレーナー着ても可愛いと感じました。,acahn
https://shop.adidas.jp/products/IX6437,5 / 5,2024年3月27日,色、デザイン共に想定通り,色合いやルーズ感、着心地などがとても快適で、やっとで想定していた品質の商品を購入することが出来てとても満足しています。,Ozisan65
https://shop.adidas.jp/products/IX6437,5 / 5,2024年3月10日,今の気分,ベッケンバウアーのトラックジャケット(ジェンダー)は何枚か持っています。今回のベージュも春先に活躍しそうです。何枚あってもいいですね。,Mokachin
https://shop.adidas.jp/products/IX6437,5 / 5,2023年10月11日,快適,"168cm太め体型の私でも3XLでゆったり着れて着心地も抜群に良かった♪
品切れ多いけど、色違いも再入荷したら買ってみたいと思える品だった。",maru2543
https://shop.adidas.jp/products/IX6437,5 / 5,2024年3月14日,最高です。,トラックジャケットいいね！まじで触り心地がいいです。洗濯してけばけばしなかったらまじで神だと思います。,ruttttt
https://shop.adidas.jp/products/IX6437,3 / 5,2023年11月3日,一度返品したからかな〜…,いい商品です。ただ一度返品してからの再注文からなのか？犬や猫の獣臭がしました。洗えはいいんだろうけど…,takumik3
https://shop.adidas.jp/products/IX6437,5 / 5,2023年10月2日,お洒落なエンジカラーのジャケットが気に入りました。,"秋🍂の季節に、ピッタリな
エンジカラーのジャケットが気に入りました。
カラーリングがお洒落なので、気軽にお洒落コーディネートがしやすいです。",shingo3324
https://shop.adidas.jp/products/IX6437,5 / 5,2023年4月26日,,"174センチ肩幅広め細身のものです。
ゆるく着たくてXLを頼んだのですが、大きすぎたかなと後悔していたところ、いい感じにピチピチでもなく、ダボッとした感じの見た目でとても満足です！",Junt
https://shop.adidas.jp/products/IX6437,5 / 5,2024年3月14日,大きめな作りだがシルエットは良き,"身長167.5，体重60キロでSサイズで良かったです。
たぶんXSでもいけます。
オーバーサイズ仕様なので普段のサイズと同じか、
１つサイズ下げるぐらいが丁度良く緩く着れるのかなと感じました。概ねサイズ表通りかと思いますので、手持ちの服と相談してサイズを決めると失敗しないで済むと思います。",nickname
https://shop.adidas.jp/products/IX6437,5 / 5,2023年10月15日,色違いでサイズも変えてみた,175cm 70kgでLサイズが程良くルーズで気に入ったが、某デザイナーのトラックジャケットの採寸を参考に別の色で2XLも購入した。袖丈が長過ぎにならない作りなので、気分でシルエットを変えられて満足している。,tomsoya
https://shop.adidas.jp/products/IX6437,4 / 5,2024年2月29日,大きめがいいですよ,"元々大きめのサイズ感なのでどのサイズも着れてしまうのでサイズ選びが非常に難しいと思います。
ユ◯二クロだと自分はL適正でこれまでこの商品をM、L、XLと購入しましたが最終的にワンサイズ以上アップでゆったり着る方がかっこいいと思いました。今まで大きいサイズが売れているのも納得です。",tomato
https://shop.adidas.jp/products/IX6437,4 / 5,2024年4月14日,思ったよりも薄い,"サイズは個人的には肩幅ゆったりめの丈長すぎない形にしてくれたらいいのになと思うもののそこは理解した上で買っているので、小柄な日本人女性向けには作られていない、しょうがないと思っている。
ただ、薄さに関しては思ったよりも薄く、クリアブラウンの中にネイビーのタンクトップを着ていたら透ける。
しかし裏地は起毛であり肌触りはいいが少し気温が上がったら着づらそう…
起毛なしで少し厚くしたほうがいいと思 ...
（続きを 読む）",aomusi
https://shop.adidas.jp/products/IX6437,5 / 5,2023年4月19日,,色味，デザイン，シルエット全てとても気に入っています。裏地が柔らかい生地なので肌触りも良く、ずっと着ていたいです。,wi22
https://shop.adidas.jp/products/IX6437,4 / 5,2023年4月23日,丈が長いですけど,１８０ｃｍ、９５㌔胸囲１１６㎝で、３ＸＬ購入しました。かなりゆったりで丈はヒップを隠しますが、肩幅が丁度良いので、だらしない感じはしません。,take2106
https://shop.adidas.jp/products/IX6437,5 / 5,2023年11月3日,色味とサイズ感が良い,"今流行りのスタイリングにぴったりなトラックジャケットだと感じました。
サイズ感はとても大きいため、サイズ表を確認した上で買うことをお勧めします。",corni
https://shop.adidas.jp/products/IX6437,5 / 5,2023年10月28日,いい感じです,"身長165cm、体重68kg、胸囲101cm。男性です。
最初XLサイズ注文しましたが、オーバーサイズが過ぎたので返品してＬサイズを再購入しました。
ゆったり着られるルーズフィット感がいい感じです。
あと、どうでもいい事ですが、若干透けます。",motchan
https://shop.adidas.jp/products/IX6437,5 / 5,2023年10月18日,デザイン最高,177センチ男の人はＭサイズを買うといい感じの丈感になると思います。たまにチャックが閉めてづらいと感じる時があります。,Onori
https://shop.adidas.jp/products/IX6437,5 / 5,2023年9月22日,カラー最高！着心地も最高！！,おすすめサイズより小さいものをオーダーしましたが、ちょうど良かったです。思った通りのカラーと抜群の着心地で秋冬に大活躍しそうです！,Tommy
https://shop.adidas.jp/products/IX6437,5 / 5,2023年10月21日,,ゆったりとした着丈感です。オーバーサイズに着たいのでサイズアップしましたが、しなくても良かったかなと思います。,kami
https://shop.adidas.jp/products/IX6437,5 / 5,2023年10月14日,オンにもオフにもきわ回せそう！,185cm75kgでセットアップで購入しました。上下共にLサイズを購入。XLがベストと出ましたが、Lのサイズ感はだぶつき過ぎず丁度よいあんばいです。パンツの長さは、くる節ちちょい下くらいで長過ぎる事なく、タイトルに記載した通り色々着回せそうで楽しみ！ワクワク♪,hipocky
https://shop.adidas.jp/products/IX6437,5 / 5,2023年4月22日,おすすめです！,"180cm 80kg 首から肩や胸周り筋肉ありのムキ。
普段はPRIMEBLUE SSTやベッケンバウアー 等は
3XLでもパツパツでしたがこちらは今回はXLでもかなりゆったり着れました。
襟のないタイトなSSTが大好きな私ですが
このシルエットはかなりヒットですねｗ
生地は昔のファイヤーバードの様なサテンぽい感じで
光の加減でイエローやオレンジに見えます。",kaomaki
https://shop.adidas.jp/products/IX6437,4 / 5,2023年9月15日,飽きない,"よかった！素材がよく、男女ともに着れるので
また違うデザインが出たら買いたい！！
すぐに売り切れるの思ったら",SHANKenth
https://shop.adidas.jp/products/IX6437,4 / 5,2023年10月3日,カラーに妙あり!!! 良いと思います。,"他の人も書いている通り、サイズは大きめです。
通常よりもワンランク落としても大きく感じる人もいるでしょう。サイズ表を見てもわかると思いますが、丈も袖も実際に着てみて５〜６cmほど長いと思って良いと思います。とはいえ着衣した時の見栄えは、他を引き離すほどの雰囲気を持っていると思います。",momoran3
https://shop.adidas.jp/products/IX6437,1 / 5,2024年1月18日,袖丈が長すぎる常識の範囲のMサイズではない,"袖丈が長過ぎます
最近のアディダスは経費削減の為なのかチグハグなサイズの服が多過ぎます。
生地も生で見ると安っぽいです。３本ラインも1本が独立しておらず、幅広の一枚布にラインが書いてあるだけです。
モデルの袖口を見ると、みんな折るかポケットに手をいれて誤魔化しています。
間違えて生産したものを売りつけているかのようです。
スポーツブランドは生地の丈夫さなども期待して購入しているので、こう ...
（続きを 読む）",meetaro
https://shop.adidas.jp/products/IX6437,3 / 5,2023年7月9日,生地が薄い,"憧れていたデザインですが、他の商品の同サイズと比較すると、大きく作ってあるようです。
オーバーサイズっぽく着ようと思ってワンサイズ大きいものを注文したら、めっちゃ大きかった。
返品しようかとも思ったが、冬場にセーターでも着て着ようかと思う。
生地は薄くて、中に来ているシャツの柄が透けます。",Janet
https://shop.adidas.jp/products/IX6437,5 / 5,2023年7月2日,デザインもシルエットも色も,とても気に入っています！ジェンダーニュートラルなので家族全員で着回しています！セットアップにも挑戦してみようと思ってます！,mmmm
https://shop.adidas.jp/products/IX6437,5 / 5,2023年11月20日,スリーストライプスの色が良い,スポーツ＆普段着用にブラック/ネイビー/ワインの3色を購入。スリーストライプスの色はブラックはホワイト、ワインはライトブルー、画像では見難いですがネイビーもライトブルーです。ニードルズのようにもっとカラフルなものを出して欲しいです。サイズが大きいですが袖丈は長くないので着丈に合わせて選ぶといいと思います。生地は薄めなので防寒というよりは羽織りものとして考えるといいと思います。,messiah
https://shop.adidas.jp/products/IX6437,5 / 5,2023年6月27日,着回し,"インナーに色々合わせられて良い買い物をした。
大きめなので使用する用途によってサイズを考えた方が良い。",dots
https://shop.adidas.jp/products/JI7632/,5 / 5,2024年3月28日,5月5日20時スタート！,"Wings for life WorldRun参加
このTシャツ欲しさもあってイベント参加です
身長174cm61kgやや細身ですがSサイズでちょうどいいです やや丈が長めで生地が薄くて透けぎみですが、真夏に走るのにはちょうどいいかも
メーカーさんにサイズデータ確認したので載せときましょう",tomMCZ
https://shop.adidas.jp/products/IX6440,1 / 5,2023年10月30日,丈が長すぎます,"173cmでXSでも丈が長くてかなりウエストを上げて履いても裾を擦ります。
トラックジャケットとセットアップで購入したのですが、納品書をなくしてしまったので返品もできず後悔しています。",Gorugonzora
https://shop.adidas.jp/products/IX6440,4 / 5,2023年9月24日,高品質だが丈の長さに注意,"質感最高にオシャレで着心地抜群ですが、どのサイズも丈の長さが非常に長いので注意が必要です。
当方176cmでLサイズを着用していますが、ウエスト高めに履いて地面スレスレです。
厚底なスニーカーなどと合わせるか、丈を上げる工夫をするか、地面擦っても気にしない事前提で購入することをオススメします。",Knox
https://shop.adidas.jp/products/IX6440,5 / 5,2023年10月29日,謝謝,"みんなにキルビルって言われますが見たことないので分かりませんが、このカンフーカラーがたまんなく私には刺さりました。
通気性良くて超走って汗かいても快適だし、なんと言ってもチャック付きポケットが天才です。
好きですの一言に尽きます。
175cm Lサイズ着用",minK
https://shop.adidas.jp/products/IX6440,4 / 5,2023年5月11日,現代的なシルエット,現代のシーンにマッチした太さでレングスも少しダボつかせて履けるので、今ならどんな服装にも合いそうなパンツ。８０年代のヒップホップシーンを思い起こさせます。,Mokachin
https://shop.adidas.jp/products/IX6440,5 / 5,2023年4月16日,着心地抜群,"少しルーズに履きたかったので180cmで2XLを購入。
ウエストはかなり大きかったが、紐が伸びるタイプではないので締めると全然余裕で履けました。
冬はきついが夏は涼しく履けそう。
コスパかなり良し。",kiro
https://shop.adidas.jp/products/IX6440,4 / 5,2023年9月19日,,"めちゃくちゃ可愛いです。158センチで、丈が長いのでウエストを一個折ってもギリギリ床につくくらいの長さです。
運動して汗かくので、これの裏起毛じゃないタイプがあったら最高にタイプです。",meee
https://shop.adidas.jp/products/IX6440,5 / 5,2024年4月8日,トレンドのシルエット,ルーズなシルエットがお気に入りです。丈は長めですが、引き摺って履くくらいが今っぽいかなとも思います。ネイビーはラインが水色になっており、体操服感がでにくくありがたいです笑,nona
https://shop.adidas.jp/products/IX6440,5 / 5,2024年3月27日,非常に着心地のよく、シルエットの良い商品,このベッケンバウアーはカラーバリエーションが豊富で、シルエットもゆったりで求めていた商品。ゆったりと普段着で着ています。,Hyde34
https://shop.adidas.jp/products/IX6440,5 / 5,2024年3月31日,とてもいい,"とても素敵です！
身長165cm普通体型ですが、ウエストの高い位置で履いて少し長いくらいです。
太さも色もとっても絶妙！
何にでも合わせやすいと思います。
これからの季節にちょうど良さそうです。
履き心地もとても良いので買ってよかったです！",ymd032156
https://shop.adidas.jp/products/IX6440,5 / 5,2023年6月8日,初めてのトラックパンツ！,"ベッケンバウアートラックスーツのカラー(セミソーラゴールド)に一目ぼれして、購入！
ゆったりしたサイズで、普段着にもコーディネートしやすいです！
元気がでる(カラフル)トラックパンツは、なかなかみかけないので、すごく気に入っています！
身長：176cm、サイズ：2XL",tomi
https://shop.adidas.jp/products/IX6440,4 / 5,2023年11月12日,,"ブルーラインにボルドーのベース生地流石にかわいい
裏起毛あって今寒い季節にぴったり。
丈感もちょうどいいしおぬぬめ＾＾",ikaly
https://shop.adidas.jp/products/IX6440,5 / 5,2024年3月8日,セットアップでも単体でも○,"待望の黒×紫、即購入しました。
丈は少し長めですが、167cm59kgでXSを購入しました！
夏でも履ける素材です。",mokh
https://shop.adidas.jp/products/IX6440,5 / 5,2023年5月12日,本物感あり！,大き目な気もしましたが 実際着るとそれとなく決まる。 大き目のJKTのリブをつまんで着るとパンツと合わせやすく 色々な着回しが楽しめてます。,1120jac
https://shop.adidas.jp/products/IX6440,5 / 5,2023年4月23日,若干のルーズ感がオシャレでいい,素材感が良く、普段着でもラフにオシャレに着れそうな感じですごくよかったです。丈感は少し長めでしたが厚底シューズにちょうど合いそうです,ri239
https://shop.adidas.jp/products/IX6440,5 / 5,2023年11月11日,デザインが最高です,"デザインが普通のジャージには無いものなのでコーデを組む時に抜け感を作りやすいのでおすすめです。
またシューズは履くサイズによっては厚底の物の方がいいかも知れません。",Vamos
https://shop.adidas.jp/products/IX6440,5 / 5,2023年12月19日,,"色味も着用感も思った通りでした！！
丈が長いので女性の方はサイズ感に少し気をつければ問題ないかと思います◎",nonp
https://shop.adidas.jp/products/IX6440,5 / 5,2023年6月5日,2本目,ネイビー×サックスがとても気に入ったので黒を購入、トップスも買いました。サックス×ネイビーも欲しかったです。じめっとした梅雨も、ひんやりとしたトラックパンツで乗り越えられそう,setu
https://shop.adidas.jp/products/IX6440,5 / 5,2023年10月24日,大満足,商品自体は思っていた通りで、普段グリーンは買わないのですが良い発色です!は着心地もよく丈は長めですが細身なのできれいに着こなせると思います😆,sumi
https://shop.adidas.jp/products/IX6440,5 / 5,2023年11月22日,カラーが好き,"着心地も楽で、カラーがとても好きです。
上下で、買いました。わざと上は、ワンサイズ大きいのを買ってルーズに着てます。",taru
https://shop.adidas.jp/products/IX6440,3 / 5,2023年12月5日,かなり大きめです,Ｌサイズ購入 身長170CMの私には かなりオーバーサイズでした。丈つめもあり割高となってしまった。,mar3
https://shop.adidas.jp/products/IX6440,4 / 5,2023年11月21日,,"今までのベッケンバウアーは細めな感じでレトロな雰囲気でしたが、今作は大きめで今時なサイズ感になっています。
ファイヤーバードのXLがこちらのMくらいでしょうか。丈が長く裾幅も大きめなので地面に擦りやすいのが難点。
トレファイルのみのロゴがいい感じ。",ttm6
https://shop.adidas.jp/products/IX6440,4 / 5,2023年11月20日,ネイビーの3本ラインはライトブルー,スポーツ＆普段着用にネイビーを購入。画像では見難いですがスリーストライプスはライトブルーです。ニードルズのようにカラフルなものをもっと出して欲しいです。薄手なので春秋や室内用で考えるといいと思います。ライトブルーのトップスやソックスと合わせて使ってます。,messiah
https://shop.adidas.jp/products/IX6440,5 / 5,2023年9月27日,かなり気に入っています,"少しルーズですが、履いた時の形はかなりきれいです。
上下セットアップで着るのも良いですが、パーカー等に合わせてもかなり良いです。",TOMMY
https://shop.adidas.jp/products/IX6440,5 / 5,2023年10月22日,これ一本で,"真夏と真冬は少々厳しいかと思いますが
初夏、春、秋、初冬と
色々なトップスに合わせられるので便利です。",masa0097
https://shop.adidas.jp/products/IX6440,4 / 5,2024年3月2日,股下が長くて良い,"身長170cmで 割と足が長いので なかなかいいサイズが無く いつもちょっと丈が足りない感じで履いていますが これは股下丈が丁度良いので良かった❗️
色も白だと汚れが心配ですが これはちょっとベージュかかったオフ白で ネイビーのラインも良い感じです。
通常レディースだとMか大きめで履くならL ...
（続きを 読む）",usausa
https://shop.adidas.jp/products/IX6440,3 / 5,2023年10月10日,丈が長い,"168cmで試着画面で丈が長いのが不安だったが、やはり踏んづけるくらい長かったw
脚履けばギリギリ踏まないくらい。
身長低めだと丈が長い部分は気をつけるポイントだなと感じた。
試着画面でウエストタイトになっていたが、そこはゴムなので余裕で履けたので、太めでも大丈夫。
マルーンを買ったが青いラインがかっこよくていい感じだったので、これから工夫して使いたい。",maru2543
https://shop.adidas.jp/products/IX6440,5 / 5,2024年1月7日,おしゃれなシルエットで履き心地も最高！,"これまでずーっとadidasのトラックパンツをおしゃれに履きたいなぁと思っていたので、ベッケンバウアーのシルエットが気になっていたので購入しました。身長172cm,65kgでサイズMを買いました。スタッフの方の写真で裾が長いことは分かっていましたが、雨の日は地面に裾が接地してずぶ濡れになることがあり少し長すぎるなぁ…と感じることがあります。しかし、それは裾を詰めるなり折るなりすれば対処できると思い ...
（続きを 読む）",Rrrrr0414
https://shop.adidas.jp/products/IX6440,5 / 5,2023年11月18日,そもそもオーバーサイズフィットのデザイン！,"画期的商品です！オーバーサイズの定義は上着だと着丈は長めでお尻が隠れるくらい、身幅はダブダブなくらいで肩は当然ドロップショルダー。肩から落ちてないとNG。ジャストサイズだと体操着になっちゃいます。ズボン側はワイドフィットで太ももから足首まわりまでだぶついてないと物足りないと思います。ワイドパンツは足首あたりまでの丈でで履くパターンとむしろ引きずって靴に乗せるくらいクッションさせるくらいのパターンが ...
（続きを 読む）",Stitchmakamaka
https://shop.adidas.jp/products/IU0071,5 / 5,2023年7月16日,軽快,ビビットな色合いだけでなく、生地そのものが軽く、肌触りも良くて、て着心地が二重丸です。サイズ感もいい感じです。,popo
https://shop.adidas.jp/products/IU0071,5 / 5,2024年2月15日,お洒落です•••,"パッと見、小学生の短パンと見間違われますが
そこは大人が穿くとアラ不思議、いい感じなんですよマジで。",ほしくん
https://shop.adidas.jp/products/IU0071,4 / 5,2023年7月17日,,"着やすいです。ハリがある生地で軽いです。
男女問わず着こなすことが出来るデザイン。ジムや普段着で使いたいです！",miya612
https://shop.adidas.jp/products/IU0071,4 / 5,2023年10月31日,さらっとした生地感が夏にぴったり,サイズは通常購入している感覚でウエスト周りは問題なし。生地がさらっとして薄いけど丈夫そうなので海ランに使用しようと思います。欲を言えばあと数センチ丈が長いと、少しルーズ感があって走れるパンツとしてて個人的には最高かな。,nasuotoko
https://shop.adidas.jp/products/IU0071,5 / 5,2022年4月7日,,思ってたとうりの軽さと真夏に最適な薄さです、ティシャツとサンダルで快適な夏をすごせそうです、また色違いを買いたいと思います。,yk3108
https://shop.adidas.jp/products/IU0071,4 / 5,2022年9月16日,履き心地がいい。,"身長170cm、体重72kgでXLを購入しました。
サイズ感はとても良く、とにかく履き心地が最高です。軽くて肌触りがよく、暑すぎる夏に活躍しました。",Rocky
https://shop.adidas.jp/products/IU0071,5 / 5,2023年6月23日,,"丈の長さもちょうど良く、履き心地がとても良かったです。
普段のパンツのサイズは81か82でこのパンツはLサイズを購入しました。",toru
https://shop.adidas.jp/products/IU0071,4 / 5,2022年6月23日,デザインと質感,シンプルで目立たないadidasマーク、スリーストライプが気にいっってます。質感も良くスポーツ、普段使いで活躍してくれそうです。,IF1919
https://shop.adidas.jp/products/IU0071,5 / 5,2022年9月16日,可愛いすぎる,"短すぎず長すぎず、
生地はナイロンで薄くそしてにより気持ち良くていい！
ウエストのゴムの部分も幅があるのでしっかりしています。
色のバリエ出してほしい。",pyuri
https://shop.adidas.jp/products/IU0071,4 / 5,2022年7月20日,お得に購入でき満足していますけど,ゼザイン水色素敵でウエスト調整式ポケットチャック式1つ両サイド2つあり便利です、下にアディダス黒ダブルライン素材はポリエステルなので水につよくて丈夫です。,Rsss
https://shop.adidas.jp/products/IU0071,4 / 5,2022年10月25日,着用感は快適！,画像はややレモン系イエローに見えますが、実際はオレンジ系イエローでしたが許容範囲。ファスナーポケットは右側腰に１つ。メンズのハーフパンツなどのポケットは全てファスナー使いにしてもらえると幸甚です。adidas様、お願いします！！,Grace27
https://shop.adidas.jp/products/IU0071,5 / 5,2022年8月13日,,夏にもってこいなサラサラ感！控えめに言って履き心地良いです。丈も膝上で短過ぎず、なんといっても、撥水性に優れていて水場で履いても大丈夫！,cman
https://shop.adidas.jp/products/IU0071,5 / 5,2022年10月1日,,海パンとしても使えそうな薄手のナイロンショーツ。とはいえ生地は軽過ぎず風でめくれたり汗で肌に張り付いたりという事はありません。,szsk
https://shop.adidas.jp/products/IU0071,5 / 5,2022年4月14日,着てみると凄く軽い,"暑い日を快適にかつ気持ち良くすごせそう。
軽くて邪魔にならない履き心地。
デザインや色が派手目なのも合わせやすい。",tk69
https://shop.adidas.jp/products/IU0071,5 / 5,2022年10月31日,夏におすすめ！,"短めの短パンがお好きな方には適していると思います。
デザインも履き心地も良くて、白のＴシャツに合わせやすい。",tongo
https://shop.adidas.jp/products/IU0071,5 / 5,2022年5月27日,デザインも全て完璧！,とても履きやすく、丈やシルエット、サイズ感がとてもよい。カラーも明るく夏っぽくてとてもお気に入りです。,0099
https://shop.adidas.jp/products/IS0525,4 / 5,2024年2月13日,着心地が良い,"オーソドックスな黒地にシンプルなロゴデザインが気に入りました。
レギュラーフィットですが、ワンサイズアップで少しゆったりと。
肌触りもとても気持ち良いです！",racerken
https://shop.adidas.jp/products/IR7920/,4 / 5,2024年1月15日,GOOD！,"身長176㎝体重70㎏
ゆったり着るのが好きなので２XL購入。
生地がしっかりしていて丈夫そうです。
手触りの感じも良く良い品物だと思います。",bachanga50
https://shop.adidas.jp/products/IR7920/,5 / 5,2024年2月21日,着心地いいです,"裏毛ですが生地が厚くしっかりしており暖かいです。
冬でも着れるいいスウェットだと思います。
高級感があるので外着でも着れそうなのがよりグッド。",pasuta
https://shop.adidas.jp/products/IR7920/,5 / 5,2023年10月31日,生地がしっかりしていて、良い。,"セールだったので、お得に購入できた。
生地もしっかりしていて、ゆったりサイズ。
シンプルなので、どんな服でも合わせやすい。
購入して良かった！",jun10
https://shop.adidas.jp/products/IR7920/,4 / 5,2024年3月24日,デザインがいいです,"小さなロゴが、主張し過ぎずいい感じです。
ゆったりと着るデザインになっているので、168cm、67kgの私にはSサイズでも良かったかもしれません。",Keiji
https://shop.adidas.jp/products/IR7920/,5 / 5,2023年1月21日,ルーズ感がとても良いです,ルーズな感じで来た雰囲気もとても良く、色味も素材も良いので着心地もとても気に入ってます。ロゴもさり気ない感じがいいです,cookie316
https://shop.adidas.jp/products/IR7920/,5 / 5,2023年4月26日,シンプルだけどカッコ良いです,"旦那へのプレゼントに購入しました。
シンプルなトレーナーなのに上質なのでなんかカッコ良くキマってる風？
本人は着心地も良いから気に入ってるそうです。",suisui
https://shop.adidas.jp/products/IR7920/,4 / 5,2024年1月29日,ゆったり着るならサイズアップで,"174cm、63kgでXLサイズを選択しました。オススメはMかLと判断されましたが、サイズ表を見てXLにしました。結果正解でした。手足が長い体型ということもありますが、袖丈はちょうどで、着丈は若干短い感じです。もし、MかLを選択していたら間違いなく返品交換していました。
ゆったりサイズと記載されてますが、それほどでもないです。モデルの身長体重と着用しているサイズを提示して欲しいですね。そうす ...
（続きを 読む）",Micchan
https://shop.adidas.jp/products/IR7890/,4 / 5,2024年1月13日,シャドウブラウンが欲しくて購入,色は満足。緩いレビューを参考に丈は同じなので１サイズダウンでMサイズ購入。しかし丈は５cmほど短い感じで靴下がくるぶしから見えた。少し残念。いつもはLで丈も調度でしたが。色品質は満足。,お宝ランナー
https://shop.adidas.jp/products/IR7890/,4 / 5,2024年3月24日,ポケットにファスナーがいい,セールで購入。ポケットにファスナーがついたスウェットパンツは少ないのでうれしい。普段通りのサイズで若干細め短め。好きな色があればお買い得。,JJCOCO
https://shop.adidas.jp/products/IR7890/,3 / 5,2023年10月12日,,"もっとゆったり履けるかと思っていたが、思っていたよりはゆったりしていなかった。
家でたまに見る白いホコリのようなゴミは付きやすいので、少し使い方が難しいと感じました。",maru2543
https://shop.adidas.jp/products/IR7890/,5 / 5,2023年12月4日,スエットパンツのサイズ感って難しい,着心地最高にいいです。大きめを購入したら部屋感がでました。外出用の一軍スエットなら、半サイズ大きいくらいがかっこよく着れるきがします。168cm 女子にはLサイズはlooseすぎました。Mがちょうどよかったかも。とは言え着用感はいいので、着用頻度はめちゃ高いです。。。,SESE
https://shop.adidas.jp/products/IR7890/,4 / 5,2023年12月19日,オーガニックコットンのスタンダード,オーガニックコットンのスタンダードなモデル。タイトなアスリート用ではなく、街でもウチでもラフにはけるゆったり感。これでスリーストライプだとデザイン的にもよいのだけれど。,mamama03
https://shop.adidas.jp/products/IR7890/,5 / 5,2024年2月14日,デザインと着やすさがいい,"部屋着にも外着にもなる着心地の良いスウェットです。
派手すぎず主張控えめのトレファイルロゴもいいです。",pasuta
https://shop.adidas.jp/products/IR7890/,4 / 5,2024年2月6日,色違いで購入,"色違いで2着購入しました。
生地がしっかりしていて、使い勝手がいいです。",adida
https://shop.adidas.jp/products/IR7890/,4 / 5,2024年1月25日,まあまあ,"気軽に着るにはもってこいのパンツ。
丈は少し長い気もするがそこまで気にはならない。
部屋着でも使える。",ppckazmax
https://shop.adidas.jp/products/IR7890/,5 / 5,2023年12月28日,デザイン、サイズ感、最高ー,ゆったり目のサイズですが、大きすぎず、とても着心地がいい。家の中でも、外でもこれ1着あれば十分で大満足です。,mugimugi
https://shop.adidas.jp/products/IR7890/,5 / 5,2023年11月19日,思った通りのシルエット,"モデルの写真を見て購入。
履いてみると思った通りのシルエットで満足しています。部屋着でも街でも場所を選ばず着れるので重宝しています。",naowat
https://shop.adidas.jp/products/IR7890/,5 / 5,2022年12月24日,ちょいルーズ気味だけど,"部屋着でもタウンユースでも快適に過ごせるスウェットパンツ。
レギュラーフィットとあるけど、ちょいルーズ気味です。
けど、それがかえっていい感じにかっこいいです。
厚手なので、冬に重宝しそうです。",kingyo
https://shop.adidas.jp/products/IR7890/,5 / 5,2023年9月30日,色が少し違う,色がレッドというかburgundyみたいですが、製品自体は品質も素晴らしく、サイズは少し小さかったというか、タイトになりましたが、良い商品です。色々な方が既に書かれているように街で着ても良い感じです。生地も厚く丈夫そうですので冬ようでしょう。丈は短めだと思います。洗った後更に短くならなければ最高に良い製品です。Lを購入しましたが、appを信じてxlを買えば良かった。,Reebokfan@004
https://shop.adidas.jp/products/IR7890/,5 / 5,2022年12月29日,マットな質感と着心地がすごく良い,リサイクル素材というのがよくわからず毛嫌いしていたが、届いてみたら他と何も変わらなくただただいい服でした。,sakanishi
https://shop.adidas.jp/products/IR7890/,5 / 5,2022年12月18日,デザインやシルエットも気に入っていて,"シルエットは期待通り！
履き心地は期待以上！！
買って良かったです。
家でゴロゴロからちょっとおでかけ、軽く運動までいろいろ使えます。",nao16
https://shop.adidas.jp/products/IP1895/,5 / 5,2023年6月13日,父の日のプレゼントにしました,"年配の人はテニスウェアと言えば、ウインブルドンのイメージが強いのか白を好むようです。
サイズもデザインも色も希望を聞いてこちらにしました。
着心地がよく快適にプレーできそうだと喜んでました。",picopico51
https://shop.adidas.jp/products/IP1895/,1 / 5,2023年8月1日,写真と違うシワシワの商品が届きました,"初めて会員登録しオンラインでMサイズ・ホワイトを購入しましたが、とても残念な気持ちになりました。服の内側背面（首のところ）に印刷されたサイズ表記は、どこの国か分からない言語で表記されており、オンラインページのものとは明らかに違いました。服は着る前からヨレヨレ、シワシワで、誰かが試着したか返品したものと思われ、タグは紐で結ばれていました。気持ち悪いので試着せず、フィット感や丈感、着心地はレビューでき ...
（続きを 読む）",shock
https://shop.adidas.jp/products/II5776/,5 / 5,2024年4月4日,クラシックな印象が良い,"アディダスらしい、ドイツらしいスタイルを黒と白だけで表現している。まさに、これです。
街で着ても、スポーツ観戦や旅にもこれは万能です。
ジーンズにも、同素材でセットアップもいけます。",mitakaj
https://shop.adidas.jp/products/II5776/,5 / 5,2023年7月15日,夏にぴったり,"そこまで生地が厚くないので、夏でも風が通って心地よく着られそうです。
だぼっと着たくて、通常よりだいぶ大きいサイズを購入しました。
目地が詰まっていない分、くたっとなるので
希望通りです。
ジャストサイズで、パリッと着たい人には向かないかもしれません。
首周りが白いので、皮脂汚れがつかないように
洗濯など気をつけたいと思いました。",すけまる
https://shop.adidas.jp/products/IJ6478/,5 / 5,2024年3月7日,大満足です！,以前似たようなパーカーでLサイズを購入したのですが、やや小さかったので今回はXLを購入したところ気に入ったサイズ感だったので良かったです。又、品質も良く着心地も大満足なのでこれから春に向けて大活躍しような一枚にないそうです！,yhyunmo
https://shop.adidas.jp/products/IJ6478/,5 / 5,2024年1月19日,アディダスらしい！,デザインもスタイルもアディダスらしいです。着心地もよく、暖かいです。秋～冬、冬～春先にぴったりかと思います。,shun
https://shop.adidas.jp/products/IJ6478/,5 / 5,2024年4月7日,色 フィット感がとても良い,ラフな感じに着こなせカラーもとても気にいって毎日離せないアイテムの一品になりました。もう一着揃えるのもGOODかと。,masarufuze
https://shop.adidas.jp/products/IM9382/,4 / 5,2024年3月10日,体操着,白のTシャツの手持ちが少なく体操着っぽいので迷っていましたがブレイキンの上位選手が着ていたのでスポーツ用として白を購入。レディースのように首回りがボディと同じ色のものも出して欲しいです。,messiah
https://shop.adidas.jp/products/IM9382/,5 / 5,2024年4月6日,綺麗なイエロー,このタイプのTシャツはこのイエローは綺麗な色味だったので気分も上がると思い購入 レーディスを試着したがピッタリするのでメンズのMにした最適 グッド,Yugary88
https://shop.adidas.jp/products/IM9382/,5 / 5,2024年4月13日,鮮やかな色,それぞれの季節に合う色がとても嬉しい。各色揃えて楽しんでます。着心地や色の明るさがとても良いから毎年楽しみです。,namakurakatana
https://shop.adidas.jp/products/IM9382/,5 / 5,2023年12月19日,色違いで何枚も,"174cm/3XL
黒と白を持っているので今回は半袖を購入。
いつものサイズである2XLが売り切れだったので3XLを購入しましたが大きめの可愛さがあっめこれはこれで良かったです。",S1986
https://shop.adidas.jp/products/IM9382/,5 / 5,2024年1月9日,デザインがかわいあ,白黒が流行っていましたがこの色を着てる方を見たことがないので被らなくてかわいいです。あと、ゆったりしすぎず、ぴったりしすぎずちょうどいいサイズ感でした。,rippe
https://shop.adidas.jp/products/IM9382/,4 / 5,2024年2月7日,かわいすき゛た！,黒を選んだのが正解すぎるくらいシルエットも着心地も最高可愛すぎる！ダボッと着るよりは少しぴちっとしたサイズのがかわいいとおもった,harpmusic
https://shop.adidas.jp/products/IM9382/,5 / 5,2023年10月16日,いい感じ‼︎,"ジムでのトレーニング用に赤のTシャツが欲しくて買いました。
丈が少し長めですが鮮やかな赤色で気に入ってます。",v126v
https://shop.adidas.jp/products/IM9382/,5 / 5,2023年12月10日,大満足です。,XLサイズを購入しましたがインナーにも重ね着にも使えて重宝しています。またKing Gnuの常田大希さんが以前YouTubeに上がっているadidasの動画内で着用していたためファンの方は購入必須だと思います。,Kieven
https://shop.adidas.jp/products/IM9382/,5 / 5,2024年1月31日,満足です,白、黒、赤と購入しましたが赤が一番お気に入りです。白とのコントラストがキレイです。着心地もいいです。,Linn
https://shop.adidas.jp/products/IM9382/,5 / 5,2024年1月26日,Tシャツ界のスターかもしれない,"着てよし 質よし かっこよし。
Tシャツとしては気持ち高めなこととスポーツフィールドでの使用想定感が購入前の印象だったが、いざ、着てみると街に遊びに行ったりするのにも違和感なく、幅広い能力があることを知ることが出来た。
まだ知らない方には、大いにお勧めしたい。",lucky7878
https://shop.adidas.jp/products/IM9382/,5 / 5,2023年12月23日,SST+トラックTシャツ,"同色のジャケットとパンツとTシャツを購入しました
Tシャツの方も.凄く気に入って.軽くて.
生地もシッカリしていますし.通気性も
良いです
同色のパンツに合わせても良いですし.
デニムにも良いですし.白色のロンTを
重ね着風に着ても良いです",LEXUS51
https://shop.adidas.jp/products/IM9382/,4 / 5,2023年11月15日,息子に,"本人が選びましたが、色がキレイで素材感も良いです。
細身の息子にもちょうどいいサイズ感でした。
気に入って良く着ています。",chicchi
https://shop.adidas.jp/products/IM9382/,5 / 5,2023年11月17日,厚手の生地でしっかり,"ヨガの時に着ていますが厚手のしっかりした生地で快適です。
少しゆったり目ですが、かえって楽に着れます。",acchan
https://shop.adidas.jp/products/IM9382/,5 / 5,2023年9月12日,THIS IS CRASSIC!,これぞ王道のTシャツ。一枚でラフに決まる。デニムと合わせても最高。毎年リピしてます。好みかもしれませんがサイズ感はワンサイズ大きめで正解でした。,Alex
https://shop.adidas.jp/products/IM9382/,5 / 5,2023年9月6日,左胸刺繍エンブレムと袖の三本線はベストマッチ。,このシリーズは８色販売されて居りますが「ダークグリーン、ネイビー」は特に「刺繍エンブレムと袖の三本戦の白」とのコントラストが美しい。,adidasfun
https://shop.adidas.jp/products/IM9382/,5 / 5,2023年5月21日,タイト,身幅､丈感ともにタイトさがちょうどいい感じ。これにBB トラックパンツに足下はスーパースターで、ジャミロクワイ完成です。,Mokachin
https://shop.adidas.jp/products/IM9382/,5 / 5,2023年10月6日,細身の少し着丈の長めのTシャツをさがしていました。,クラッシックなデザインと細身シルエットで少し着丈が長いtシャツをさがしていましたのでとても満足しています。,konken
https://shop.adidas.jp/products/IM9382/,5 / 5,2023年9月24日,かわいい,色味が写真のまんまですごくかわいい^_^173cmの私ですが、若干オーバー気味に着れる。シンプルに好き,chon
https://shop.adidas.jp/products/IM9382/,3 / 5,2023年7月25日,すこしタイト,"写真の通りとても素敵なTシャツです。
しかし、3XLの割には少しタイトです。
着丈は長めでした。
工夫して沢山着ます！",rintaro
https://shop.adidas.jp/products/IM9382/,5 / 5,2023年8月26日,とても可愛い！,"色合いも最高でめっちゃよかったです！
とても着心地が良かったので他の色も買いたいと思いました！！！！",510331
https://shop.adidas.jp/products/IM9382/,5 / 5,2023年7月28日,トレンド知らずで、ずっと使える最強トップス,"シルエットは細すぎずややスリムなのでいつもより1サイズ大きめにしてみましたが丁度よかったです！
adidas好きな方はもちろん、若い方から50、60代の方でも取り入れやすいアイテムなので
色違いで買いたいと思う
夏のマストバイアイテムでした！",TOKKUN23
https://shop.adidas.jp/products/IM9382/,5 / 5,2023年6月12日,TシャツはADIDASに限る！！,蹴り首と袖の周囲にカラーの入っているの探してたんです。一見adidasオリジナルデザインですが、首と袖のラインが白じゃない！白だと夏場の汗染みが何気に残っちゃうんですよね。ホワイトTシャツは全体に汚れが目立つ。まさに男のadiカラー！,adifanOsaka
https://shop.adidas.jp/products/IM9387/,4 / 5,2024年3月10日,体操着,白のTシャツの手持ちが少なく体操着っぽいので迷っていましたがブレイキンの上位選手が着ていたのでスポーツ用として白を購入。レディースのように首回りがボディと同じ色のものも出して欲しいです。,messiah
https://shop.adidas.jp/products/IM9387/,5 / 5,2024年4月6日,綺麗なイエロー,このタイプのTシャツはこのイエローは綺麗な色味だったので気分も上がると思い購入 レーディスを試着したがピッタリするのでメンズのMにした最適 グッド,Yugary88
https://shop.adidas.jp/products/IM9387/,5 / 5,2024年4月13日,鮮やかな色,それぞれの季節に合う色がとても嬉しい。各色揃えて楽しんでます。着心地や色の明るさがとても良いから毎年楽しみです。,namakurakatana
https://shop.adidas.jp/products/IM9387/,5 / 5,2023年12月19日,色違いで何枚も,"174cm/3XL
黒と白を持っているので今回は半袖を購入。
いつものサイズである2XLが売り切れだったので3XLを購入しましたが大きめの可愛さがあっめこれはこれで良かったです。",S1986
https://shop.adidas.jp/products/IM9387/,5 / 5,2024年1月9日,デザインがかわいあ,白黒が流行っていましたがこの色を着てる方を見たことがないので被らなくてかわいいです。あと、ゆったりしすぎず、ぴったりしすぎずちょうどいいサイズ感でした。,rippe
https://shop.adidas.jp/products/IM9387/,4 / 5,2024年2月7日,かわいすき゛た！,黒を選んだのが正解すぎるくらいシルエットも着心地も最高可愛すぎる！ダボッと着るよりは少しぴちっとしたサイズのがかわいいとおもった,harpmusic
https://shop.adidas.jp/products/IM9387/,5 / 5,2023年10月16日,いい感じ‼︎,"ジムでのトレーニング用に赤のTシャツが欲しくて買いました。
丈が少し長めですが鮮やかな赤色で気に入ってます。",v126v
https://shop.adidas.jp/products/IM9387/,5 / 5,2023年12月10日,大満足です。,XLサイズを購入しましたがインナーにも重ね着にも使えて重宝しています。またKing Gnuの常田大希さんが以前YouTubeに上がっているadidasの動画内で着用していたためファンの方は購入必須だと思います。,Kieven
https://shop.adidas.jp/products/IM9387/,5 / 5,2024年1月31日,満足です,白、黒、赤と購入しましたが赤が一番お気に入りです。白とのコントラストがキレイです。着心地もいいです。,Linn
https://shop.adidas.jp/products/IM9387/,5 / 5,2024年1月26日,Tシャツ界のスターかもしれない,"着てよし 質よし かっこよし。
Tシャツとしては気持ち高めなこととスポーツフィールドでの使用想定感が購入前の印象だったが、いざ、着てみると街に遊びに行ったりするのにも違和感なく、幅広い能力があることを知ることが出来た。
まだ知らない方には、大いにお勧めしたい。",lucky7878
https://shop.adidas.jp/products/IM9387/,5 / 5,2023年12月23日,SST+トラックTシャツ,"同色のジャケットとパンツとTシャツを購入しました
Tシャツの方も.凄く気に入って.軽くて.
生地もシッカリしていますし.通気性も
良いです
同色のパンツに合わせても良いですし.
デニムにも良いですし.白色のロンTを
重ね着風に着ても良いです",LEXUS51
https://shop.adidas.jp/products/IM9387/,4 / 5,2023年11月15日,息子に,"本人が選びましたが、色がキレイで素材感も良いです。
細身の息子にもちょうどいいサイズ感でした。
気に入って良く着ています。",chicchi
https://shop.adidas.jp/products/IM9387/,5 / 5,2023年11月17日,厚手の生地でしっかり,"ヨガの時に着ていますが厚手のしっかりした生地で快適です。
少しゆったり目ですが、かえって楽に着れます。",acchan
https://shop.adidas.jp/products/IM9387/,5 / 5,2023年9月12日,THIS IS CRASSIC!,これぞ王道のTシャツ。一枚でラフに決まる。デニムと合わせても最高。毎年リピしてます。好みかもしれませんがサイズ感はワンサイズ大きめで正解でした。,Alex
https://shop.adidas.jp/products/IM9387/,5 / 5,2023年9月6日,左胸刺繍エンブレムと袖の三本線はベストマッチ。,このシリーズは８色販売されて居りますが「ダークグリーン、ネイビー」は特に「刺繍エンブレムと袖の三本戦の白」とのコントラストが美しい。,adidasfun
https://shop.adidas.jp/products/IM9387/,5 / 5,2023年5月21日,タイト,身幅､丈感ともにタイトさがちょうどいい感じ。これにBB トラックパンツに足下はスーパースターで、ジャミロクワイ完成です。,Mokachin
https://shop.adidas.jp/products/IM9387/,5 / 5,2023年10月6日,細身の少し着丈の長めのTシャツをさがしていました。,クラッシックなデザインと細身シルエットで少し着丈が長いtシャツをさがしていましたのでとても満足しています。,konken
https://shop.adidas.jp/products/IM9387/,5 / 5,2023年9月24日,かわいい,色味が写真のまんまですごくかわいい^_^173cmの私ですが、若干オーバー気味に着れる。シンプルに好き,chon
https://shop.adidas.jp/products/IM9387/,3 / 5,2023年7月25日,すこしタイト,"写真の通りとても素敵なTシャツです。
しかし、3XLの割には少しタイトです。
着丈は長めでした。
工夫して沢山着ます！",rintaro
https://shop.adidas.jp/products/IM9387/,5 / 5,2023年8月26日,とても可愛い！,"色合いも最高でめっちゃよかったです！
とても着心地が良かったので他の色も買いたいと思いました！！！！",510331
https://shop.adidas.jp/products/IM9387/,5 / 5,2023年7月28日,トレンド知らずで、ずっと使える最強トップス,"シルエットは細すぎずややスリムなのでいつもより1サイズ大きめにしてみましたが丁度よかったです！
adidas好きな方はもちろん、若い方から50、60代の方でも取り入れやすいアイテムなので
色違いで買いたいと思う
夏のマストバイアイテムでした！",TOKKUN23
https://shop.adidas.jp/products/IM9387/,5 / 5,2023年6月12日,TシャツはADIDASに限る！！,蹴り首と袖の周囲にカラーの入っているの探してたんです。一見adidasオリジナルデザインですが、首と袖のラインが白じゃない！白だと夏場の汗染みが何気に残っちゃうんですよね。ホワイトTシャツは全体に汚れが目立つ。まさに男のadiカラー！,adifanOsaka
https://shop.adidas.jp/products/IM9388/,4 / 5,2024年3月10日,体操着,白のTシャツの手持ちが少なく体操着っぽいので迷っていましたがブレイキンの上位選手が着ていたのでスポーツ用として白を購入。レディースのように首回りがボディと同じ色のものも出して欲しいです。,messiah
https://shop.adidas.jp/products/IM9388/,5 / 5,2024年4月6日,綺麗なイエロー,このタイプのTシャツはこのイエローは綺麗な色味だったので気分も上がると思い購入 レーディスを試着したがピッタリするのでメンズのMにした最適 グッド,Yugary88
https://shop.adidas.jp/products/IM9388/,5 / 5,2024年4月13日,鮮やかな色,それぞれの季節に合う色がとても嬉しい。各色揃えて楽しんでます。着心地や色の明るさがとても良いから毎年楽しみです。,namakurakatana
https://shop.adidas.jp/products/IM9388/,5 / 5,2023年12月19日,色違いで何枚も,"174cm/3XL
黒と白を持っているので今回は半袖を購入。
いつものサイズである2XLが売り切れだったので3XLを購入しましたが大きめの可愛さがあっめこれはこれで良かったです。",S1986
https://shop.adidas.jp/products/IM9388/,5 / 5,2024年1月9日,デザインがかわいあ,白黒が流行っていましたがこの色を着てる方を見たことがないので被らなくてかわいいです。あと、ゆったりしすぎず、ぴったりしすぎずちょうどいいサイズ感でした。,rippe
https://shop.adidas.jp/products/IM9388/,4 / 5,2024年2月7日,かわいすき゛た！,黒を選んだのが正解すぎるくらいシルエットも着心地も最高可愛すぎる！ダボッと着るよりは少しぴちっとしたサイズのがかわいいとおもった,harpmusic
https://shop.adidas.jp/products/IM9388/,5 / 5,2023年10月16日,いい感じ‼︎,"ジムでのトレーニング用に赤のTシャツが欲しくて買いました。
丈が少し長めですが鮮やかな赤色で気に入ってます。",v126v
https://shop.adidas.jp/products/IM9388/,5 / 5,2023年12月10日,大満足です。,XLサイズを購入しましたがインナーにも重ね着にも使えて重宝しています。またKing Gnuの常田大希さんが以前YouTubeに上がっているadidasの動画内で着用していたためファンの方は購入必須だと思います。,Kieven
https://shop.adidas.jp/products/IM9388/,5 / 5,2024年1月31日,満足です,白、黒、赤と購入しましたが赤が一番お気に入りです。白とのコントラストがキレイです。着心地もいいです。,Linn
https://shop.adidas.jp/products/IM9388/,5 / 5,2024年1月26日,Tシャツ界のスターかもしれない,"着てよし 質よし かっこよし。
Tシャツとしては気持ち高めなこととスポーツフィールドでの使用想定感が購入前の印象だったが、いざ、着てみると街に遊びに行ったりするのにも違和感なく、幅広い能力があることを知ることが出来た。
まだ知らない方には、大いにお勧めしたい。",lucky7878
https://shop.adidas.jp/products/IM9388/,5 / 5,2023年12月23日,SST+トラックTシャツ,"同色のジャケットとパンツとTシャツを購入しました
Tシャツの方も.凄く気に入って.軽くて.
生地もシッカリしていますし.通気性も
良いです
同色のパンツに合わせても良いですし.
デニムにも良いですし.白色のロンTを
重ね着風に着ても良いです",LEXUS51
https://shop.adidas.jp/products/IM9388/,4 / 5,2023年11月15日,息子に,"本人が選びましたが、色がキレイで素材感も良いです。
細身の息子にもちょうどいいサイズ感でした。
気に入って良く着ています。",chicchi
https://shop.adidas.jp/products/IM9388/,5 / 5,2023年11月17日,厚手の生地でしっかり,"ヨガの時に着ていますが厚手のしっかりした生地で快適です。
少しゆったり目ですが、かえって楽に着れます。",acchan
https://shop.adidas.jp/products/IM9388/,5 / 5,2023年9月12日,THIS IS CRASSIC!,これぞ王道のTシャツ。一枚でラフに決まる。デニムと合わせても最高。毎年リピしてます。好みかもしれませんがサイズ感はワンサイズ大きめで正解でした。,Alex
https://shop.adidas.jp/products/IM9388/,5 / 5,2023年9月6日,左胸刺繍エンブレムと袖の三本線はベストマッチ。,このシリーズは８色販売されて居りますが「ダークグリーン、ネイビー」は特に「刺繍エンブレムと袖の三本戦の白」とのコントラストが美しい。,adidasfun
https://shop.adidas.jp/products/IM9388/,5 / 5,2023年5月21日,タイト,身幅､丈感ともにタイトさがちょうどいい感じ。これにBB トラックパンツに足下はスーパースターで、ジャミロクワイ完成です。,Mokachin
https://shop.adidas.jp/products/IM9388/,5 / 5,2023年10月6日,細身の少し着丈の長めのTシャツをさがしていました。,クラッシックなデザインと細身シルエットで少し着丈が長いtシャツをさがしていましたのでとても満足しています。,konken
https://shop.adidas.jp/products/IM9388/,5 / 5,2023年9月24日,かわいい,色味が写真のまんまですごくかわいい^_^173cmの私ですが、若干オーバー気味に着れる。シンプルに好き,chon
https://shop.adidas.jp/products/IM9388/,3 / 5,2023年7月25日,すこしタイト,"写真の通りとても素敵なTシャツです。
しかし、3XLの割には少しタイトです。
着丈は長めでした。
工夫して沢山着ます！",rintaro
https://shop.adidas.jp/products/IM9388/,5 / 5,2023年8月26日,とても可愛い！,"色合いも最高でめっちゃよかったです！
とても着心地が良かったので他の色も買いたいと思いました！！！！",510331
https://shop.adidas.jp/products/IM9388/,5 / 5,2023年7月28日,トレンド知らずで、ずっと使える最強トップス,"シルエットは細すぎずややスリムなのでいつもより1サイズ大きめにしてみましたが丁度よかったです！
adidas好きな方はもちろん、若い方から50、60代の方でも取り入れやすいアイテムなので
色違いで買いたいと思う
夏のマストバイアイテムでした！",TOKKUN23
https://shop.adidas.jp/products/IM9388/,5 / 5,2023年6月12日,TシャツはADIDASに限る！！,蹴り首と袖の周囲にカラーの入っているの探してたんです。一見adidasオリジナルデザインですが、首と袖のラインが白じゃない！白だと夏場の汗染みが何気に残っちゃうんですよね。ホワイトTシャツは全体に汚れが目立つ。まさに男のadiカラー！,adifanOsaka
https://shop.adidas.jp/products/IR7868/,5 / 5,2023年11月22日,デザインもカラーも良き😊,"身長174cmでXLサイズを購入。
ザックリとしたデザインで着心地よく、カラーもイメージ通りで満足です。気になる点は裏地からの毛落ちがあり、これは初めは仕方ないのかな？",Bruno24
https://shop.adidas.jp/products/IR7868/,5 / 5,2022年12月30日,奥様へのプレゼント,奥様へのプレゼントしました！シンプルなデザインながらカラーリングも可愛らしくメンズ、ウイメンズどちらも着用できる素敵なカラーリング。ゆったりと着れるようで非常に満足です。,wakuwaku
https://shop.adidas.jp/products/IR7868/,5 / 5,2023年2月27日,オーガニックコットン100%！,フードは大きめで、ゆるっと着てもジャストサイズで着てもいいかなと。色味がキレイです。質が良く感動もの。大切にお手入れして着たいです。,yurio0507
https://shop.adidas.jp/products/IR9888/,3 / 5,2023年10月30日,なんとなく小さめ,"サイズ選びが難しく、タイトめで小さい感じでした。
ゆるっと着るならかなりサイズアップしないと無理そうです。",maki
https://shop.adidas.jp/products/IR9888/,4 / 5,2024年2月9日,ブラックに袖だけホワイトがアクセント,"デザインが気に入って購入しました。
スリムタイプということでしたのでワンサイズアップにしましたが、普段のサイズで好かったようです。
パーカーの上に重ね着すればバッチリです！",hitujineko1967
https://shop.adidas.jp/products/IR9888/,4 / 5,2024年3月5日,カッコいい！,"単色のデザインの場合の肩口のラインのデザインがあまり好きではなかったので白黒で購入、カッコいいです。
ウエスト部のゴムがかなりしっかり締め付けてくるので、そこだけサイズ感とマッチしないように感じる。173センチ痩せ型でMちょうど良しです。",vieri32
https://shop.adidas.jp/products/IR9888/,2 / 5,2024年4月14日,思ったよりもタイトめ,"いつも着ている服のサイズ感で購入。
着れましたがしっかりとピタッとなる感じで自分の好みには合いませんでした。
きっちりピタッと着たい方には良いと思います。
ゆったり着たい方はサイズを上げてみたほうが良いと思います。",hajime
https://shop.adidas.jp/products/IR9888/,5 / 5,2024年2月12日,シンプルなデザインが気に入っています。,adidasのトラックジャケットの中でも落ち着いたデザインで、シンプルさが気に入っています。ひとつはトラックジャケットを持っていたりと思っていました。とても気に入っています。,toshi48
https://shop.adidas.jp/products/IR9888/,5 / 5,2024年4月11日,襟なしが良い,"襟がないので窮屈に感じないのが良い
首が短い私にとって重宝している
生地もしっかりしていて良いが少し重量が感じる",umbrella2133
https://shop.adidas.jp/products/IR9888/,5 / 5,2024年2月22日,定番,"アディカラー クラシックス SSTトラックジャケットは各色違い所有してます
中でもやっぱグリーンは最高にオシャレ！
でも個人的にはダークグリーンの方が好きですけど。かと言って所有して損はありません",Nobudas
https://shop.adidas.jp/products/IR9888/,5 / 5,2024年4月1日,サイコー,175センチ95キロの体型ですが2XLのサイズでジャストフィットです。袖丈も丁度良い感じで、着心地も良く大満足です,loco7
https://shop.adidas.jp/products/IR9888/,5 / 5,2023年6月8日,初めてのSST 色味もいい,"ベージュが高級感あるやや陰りのある感じでいい。
ブラックのストライプとの相性もいいです。
生地も柔らかいのにしっかりしていて、オールポリエステルなどと比べるとへたらなそう。
サイズは、普段ほかのアパレルと同じサイズでいいかと。
今度はファイヤーバードあたりで、ホワイト×ブラックストライプが欲しいです。",annie
https://shop.adidas.jp/products/IR9888/,5 / 5,2024年3月5日,春先のアウターとして,とても綺麗な明るい赤が春先に映えそう。襟が高いとファンデがついてしまう為これくらいの襟が使いやすい。綿が入っている為化繊のテカリも控えめで洗濯後の乾きも早い。メンズなので袖、丈は長いが細身の為すっきり着る事ができる。大満足。,chocolate
https://shop.adidas.jp/products/IR9888/,4 / 5,2024年3月28日,スリムシルエットなので、,ゆったり着たかったので2サイズ上げて購入しました。その分袖が長くなってしまいましたがあまり気にならず着れます。,cimini
https://shop.adidas.jp/products/IR9888/,5 / 5,2024年3月14日,このシリーズは定番中の定番で安定のフィット感,"グリーン最高です。
トップスは少し大きめ買うとよいかと思います。
このシリーズ4色持ってます。
黒×赤と出して欲しい。",nagasan
https://shop.adidas.jp/products/IR9888/,4 / 5,2024年3月7日,,"デザインもカラーも探していた商品で、一目惚れしました。着心地も良くて他の色の購入も予定してます。
また利用します",MBOY49
https://shop.adidas.jp/products/IR9888/,5 / 5,2024年3月17日,,"色に一目惚れをして購入しました。
私は、ゆったり着たいので身長165㎝の女ですが、XLを着用しています。それでも、ファスナーを閉めると裾の部分はすごく締め付けられます。なので裾部分をもう少しゆったり作って欲しいです。それ意外は、可愛いのでとても気に入っています。",Purple
https://shop.adidas.jp/products/IR9888/,5 / 5,2023年7月19日,ブルーバード の色が最高です。,カラー、ブルーバードを購入いたしました。通常X XLの服を着ているのですが、５XLを購入。タイトに切るのもイイですがオーバーサイズで着こなすには私にとって最適なサイズで、カラーもとても良い発色でお気に入りな１点になりました。皆さんにもお勧めいたします。,2443e
https://shop.adidas.jp/products/IR9888/,5 / 5,2024年1月22日,,6XLなどの大き目のサイズまであって助かります。他の通販サイトではそうはいかない。インターロックとのことだが、内側は毛玉ができそう？,ambientsky
https://shop.adidas.jp/products/IR9888/,5 / 5,2024年1月10日,高級感あるジャージ,サイズは少しタイト。素材に存在感があり非常にエレガントです。お出かけ用ですが、トレーニングにも使いたいですね。本来の機能を実感したい。,mana
https://shop.adidas.jp/products/IR9888/,4 / 5,2023年12月31日,まずまず,思っていたよりはタイトな感じですが、動きやすくてよいですね。デザインもいいし色も良いですよ。安定のアディダスジャージといった感じでした。,ayume22
https://shop.adidas.jp/products/IR9888/,5 / 5,2024年1月7日,カラー切り替えがいい,"ブラック/ホワイト/ホワイトを購入
レッドとグリーンも買ったけど色の切り替えが絶妙でレッドホワイトの切り替えが発売を希望します。",zx10r
https://shop.adidas.jp/products/IR9888/,5 / 5,2024年1月6日,トラックトップ,"切り返しの白袖がアクセントになって格好良い
タイトなデザインで気に入ってます
他のカラーみ購入を検討中です",Dko03
https://shop.adidas.jp/products/IR9888/,4 / 5,2023年9月30日,お気に入り,"いつもは3XLですが、ストレッチ性はなさそうなので大きめの5XLを購入しました。
着用感はちょうど良かったです。",kikko
https://shop.adidas.jp/products/IR9888/,4 / 5,2024年1月9日,プレゼント,"プレゼントで購入しました！
彼女が大きめに着たいとのことだったのでXLを選びましたがそれでもややジャスト気味でした。それに対して袖が長いのでサイズ選びが難しいと思います。メンズで大きめに着たい場合には2XL,3XLくらいで買っても良いんじゃないかなと思います。
質感は彼女も気に入ってますし、良いと思います。また、ダブルジップ仕様なのでタイトなシルエットを調整することができます！",Rrrrr0414
https://shop.adidas.jp/products/IR9888/,3 / 5,2023年8月25日,普通,普通に良い。デザインが気に入った。おすすめできる商品です。セットアップ用のボトムがなかったのが不満です。,mmms
https://shop.adidas.jp/products/IJ6106/,4 / 5,2023年11月22日,気に入ってます！,セールで購入したのでとってもお値打ちでした。サイズ感は少し大きめで、袖口は緩いです。品質は申し分ありません。,F44sada
https://shop.adidas.jp/products/IJ6106/,3 / 5,2023年11月19日,生地の質感などお値段以上！ただサイズに注意,"こちらセールでメーカーのトレーナーとは思えないほどお安く購入しました。
生地の質感も安物ではなく安心のadidas製品です。
ただ記載のサイズ感と実物がだいぶ違うのでご注意を！私は177cm60kgの細長い体格ではありますが、XLサイズを勧められLサイズを購入しましたがSかMでも十分なダボっとしたサイズ感です。特に肩幅にかなりゆとりがあるので泣く泣く返品しました…",Janken
https://shop.adidas.jp/products/IJ6106/,5 / 5,2023年12月15日,GOOD!,シルエットもカラーもとても気に入りました。素材もとても感触良くて気持ち良いです。各シーズン定番化して欲しいですね。,kowalski
https://shop.adidas.jp/products/IJ6106/,4 / 5,2024年1月17日,軽くて着易い,"厚すぎず薄すぎず、丁度いい感じ。
身長175cmでいつも通りLサイズで着丈は最適ですが、袖が気持ち長めかな。
アウターを着る今の時期にはこのくらいが丁度いいです。",Shimayu
https://shop.adidas.jp/products/IJ6106/,5 / 5,2023年12月5日,丈が長めです,生地がさらっとしていて着心地がよく最高です。汗も良くすいトレーニングには最高です。色合いもすごくいいです。,teras
https://shop.adidas.jp/products/IR9889/,3 / 5,2023年10月30日,なんとなく小さめ,"サイズ選びが難しく、タイトめで小さい感じでした。
ゆるっと着るならかなりサイズアップしないと無理そうです。",maki
https://shop.adidas.jp/products/IR9889/,4 / 5,2024年2月9日,ブラックに袖だけホワイトがアクセント,"デザインが気に入って購入しました。
スリムタイプということでしたのでワンサイズアップにしましたが、普段のサイズで好かったようです。
パーカーの上に重ね着すればバッチリです！",hitujineko1967
https://shop.adidas.jp/products/IR9889/,4 / 5,2024年3月5日,カッコいい！,"単色のデザインの場合の肩口のラインのデザインがあまり好きではなかったので白黒で購入、カッコいいです。
ウエスト部のゴムがかなりしっかり締め付けてくるので、そこだけサイズ感とマッチしないように感じる。173センチ痩せ型でMちょうど良しです。",vieri32
https://shop.adidas.jp/products/IR9889/,2 / 5,2024年4月14日,思ったよりもタイトめ,"いつも着ている服のサイズ感で購入。
着れましたがしっかりとピタッとなる感じで自分の好みには合いませんでした。
きっちりピタッと着たい方には良いと思います。
ゆったり着たい方はサイズを上げてみたほうが良いと思います。",hajime
https://shop.adidas.jp/products/IR9889/,5 / 5,2024年2月12日,シンプルなデザインが気に入っています。,adidasのトラックジャケットの中でも落ち着いたデザインで、シンプルさが気に入っています。ひとつはトラックジャケットを持っていたりと思っていました。とても気に入っています。,toshi48
https://shop.adidas.jp/products/IR9889/,5 / 5,2024年4月11日,襟なしが良い,"襟がないので窮屈に感じないのが良い
首が短い私にとって重宝している
生地もしっかりしていて良いが少し重量が感じる",umbrella2133
https://shop.adidas.jp/products/IR9889/,5 / 5,2024年2月22日,定番,"アディカラー クラシックス SSTトラックジャケットは各色違い所有してます
中でもやっぱグリーンは最高にオシャレ！
でも個人的にはダークグリーンの方が好きですけど。かと言って所有して損はありません",Nobudas
https://shop.adidas.jp/products/IR9889/,5 / 5,2024年4月1日,サイコー,175センチ95キロの体型ですが2XLのサイズでジャストフィットです。袖丈も丁度良い感じで、着心地も良く大満足です,loco7
https://shop.adidas.jp/products/IR9889/,5 / 5,2023年6月8日,初めてのSST 色味もいい,"ベージュが高級感あるやや陰りのある感じでいい。
ブラックのストライプとの相性もいいです。
生地も柔らかいのにしっかりしていて、オールポリエステルなどと比べるとへたらなそう。
サイズは、普段ほかのアパレルと同じサイズでいいかと。
今度はファイヤーバードあたりで、ホワイト×ブラックストライプが欲しいです。",annie
https://shop.adidas.jp/products/IR9889/,5 / 5,2024年3月5日,春先のアウターとして,とても綺麗な明るい赤が春先に映えそう。襟が高いとファンデがついてしまう為これくらいの襟が使いやすい。綿が入っている為化繊のテカリも控えめで洗濯後の乾きも早い。メンズなので袖、丈は長いが細身の為すっきり着る事ができる。大満足。,chocolate
https://shop.adidas.jp/products/IR9889/,4 / 5,2024年3月28日,スリムシルエットなので、,ゆったり着たかったので2サイズ上げて購入しました。その分袖が長くなってしまいましたがあまり気にならず着れます。,cimini
https://shop.adidas.jp/products/IR9889/,5 / 5,2024年3月14日,このシリーズは定番中の定番で安定のフィット感,"グリーン最高です。
トップスは少し大きめ買うとよいかと思います。
このシリーズ4色持ってます。
黒×赤と出して欲しい。",nagasan
https://shop.adidas.jp/products/IR9889/,4 / 5,2024年3月7日,,"デザインもカラーも探していた商品で、一目惚れしました。着心地も良くて他の色の購入も予定してます。
また利用します",MBOY49
https://shop.adidas.jp/products/IR9889/,5 / 5,2024年3月17日,,"色に一目惚れをして購入しました。
私は、ゆったり着たいので身長165㎝の女ですが、XLを着用しています。それでも、ファスナーを閉めると裾の部分はすごく締め付けられます。なので裾部分をもう少しゆったり作って欲しいです。それ意外は、可愛いのでとても気に入っています。",Purple
https://shop.adidas.jp/products/IR9889/,5 / 5,2023年7月19日,ブルーバード の色が最高です。,カラー、ブルーバードを購入いたしました。通常X XLの服を着ているのですが、５XLを購入。タイトに切るのもイイですがオーバーサイズで着こなすには私にとって最適なサイズで、カラーもとても良い発色でお気に入りな１点になりました。皆さんにもお勧めいたします。,2443e
https://shop.adidas.jp/products/IR9889/,5 / 5,2024年1月22日,,6XLなどの大き目のサイズまであって助かります。他の通販サイトではそうはいかない。インターロックとのことだが、内側は毛玉ができそう？,ambientsky
https://shop.adidas.jp/products/IR9889/,5 / 5,2024年1月10日,高級感あるジャージ,サイズは少しタイト。素材に存在感があり非常にエレガントです。お出かけ用ですが、トレーニングにも使いたいですね。本来の機能を実感したい。,mana
https://shop.adidas.jp/products/IR9889/,4 / 5,2023年12月31日,まずまず,思っていたよりはタイトな感じですが、動きやすくてよいですね。デザインもいいし色も良いですよ。安定のアディダスジャージといった感じでした。,ayume22
https://shop.adidas.jp/products/IR9889/,5 / 5,2024年1月7日,カラー切り替えがいい,"ブラック/ホワイト/ホワイトを購入
レッドとグリーンも買ったけど色の切り替えが絶妙でレッドホワイトの切り替えが発売を希望します。",zx10r
https://shop.adidas.jp/products/IR9889/,5 / 5,2024年1月6日,トラックトップ,"切り返しの白袖がアクセントになって格好良い
タイトなデザインで気に入ってます
他のカラーみ購入を検討中です",Dko03
https://shop.adidas.jp/products/IR9889/,4 / 5,2023年9月30日,お気に入り,"いつもは3XLですが、ストレッチ性はなさそうなので大きめの5XLを購入しました。
着用感はちょうど良かったです。",kikko
https://shop.adidas.jp/products/IR9889/,4 / 5,2024年1月9日,プレゼント,"プレゼントで購入しました！
彼女が大きめに着たいとのことだったのでXLを選びましたがそれでもややジャスト気味でした。それに対して袖が長いのでサイズ選びが難しいと思います。メンズで大きめに着たい場合には2XL,3XLくらいで買っても良いんじゃないかなと思います。
質感は彼女も気に入ってますし、良いと思います。また、ダブルジップ仕様なのでタイトなシルエットを調整することができます！",Rrrrr0414
https://shop.adidas.jp/products/IR9889/,3 / 5,2023年8月25日,普通,普通に良い。デザインが気に入った。おすすめできる商品です。セットアップ用のボトムがなかったのが不満です。,mmms
https://shop.adidas.jp/products/IJ8890/,3 / 5,2024年1月8日,シンプル。サイズ表示通り。,"シンプルかつノーマルな品を探していたのですがイメージ通りの物で満足しています。
サイズ感も表示通りでした。
178cm76kg Lです。
生地にもう少し厚みがあれば、より良しでした。",nnyy
https://shop.adidas.jp/products/IJ8890/,4 / 5,2024年2月23日,スポーティなのて,"大きめに着たいので、通常のＬサイズより１サイズ上げて、ＸＬにしました。
結果、それほど大きくもなく普通より少しだけ大きいかなと言う感じです。
着こごちはとても良いです。",SS4S
https://shop.adidas.jp/products/IJ8890/,4 / 5,2023年12月17日,大きさは調度,サイズが調度でした。薄くても裏が起毛になっており、とても着やすいトレーナで柄もシンプルで飽きがこないのもいいです。,kokoloman2
https://shop.adidas.jp/products/IJ8890/,5 / 5,2023年5月26日,暖かいです,サイズ感がちょうど良いので、部屋着としても最高です。思ったより、裏起毛が暖かいので、これからの梅雨の季節にも活躍しそうです。,fishmans
https://shop.adidas.jp/products/IP8409,4 / 5,2024年4月14日,デザインがとてもいいです。,デザインがとてもいいです。何といってもワールドカップの優勝エンブレムがユニフォームの中心にであるのが最高です。アルゼンチンチーム好きにはたまりません。,soccerkozo
https://shop.adidas.jp/products/IQ3741/,5 / 5,2024年1月11日,スリムフィット,"XLサイズ １７７ ７２Kg
胸や腕回りを小さめで着る人向けのサイズ表記
伸縮性はたかい。通気と保温性は春秋向け
既製服やレギュラーフィットはL着用ですが
スリムL＝既製服M がアディダスの常なので
LではなくXLにしました。
長すぎることも無くて正解でした。",23ninja
https://shop.adidas.jp/products/IN2983/,4 / 5,2024年4月13日,デザイン良し,"デザイン、サイズが良い！
違うデザインにも期待します。ぜひよろしくお願いします。
また買います。また買います。",555555555
https://shop.adidas.jp/products/IR7976/,4 / 5,2024年4月2日,定番です,一着はあっていいのです。ベタだとか古いとか見慣れたとか被るとか色々あるとは思いますが一着あると良いと思います。その年でのカラーバリエーションが違うのでこれ違うと思ったら購入してはいかがですか！質は悪く無い商品だと思います。,4711
https://shop.adidas.jp/products/IQ3742/,5 / 5,2024年1月11日,スリムフィット,"XLサイズ １７７ ７２Kg
胸や腕回りを小さめで着る人向けのサイズ表記
伸縮性はたかい。通気と保温性は春秋向け
既製服やレギュラーフィットはL着用ですが
スリムL＝既製服M がアディダスの常なので
LではなくXLにしました。
長すぎることも無くて正解でした。",23ninja
https://shop.adidas.jp/products/IR8001/,4 / 5,2024年4月2日,定番です,一着はあっていいのです。ベタだとか古いとか見慣れたとか被るとか色々あるとは思いますが一着あると良いと思います。その年でのカラーバリエーションが違うのでこれ違うと思ったら購入してはいかがですか！質は悪く無い商品だと思います。,4711
https://shop.adidas.jp/products/IR8010/,4 / 5,2024年4月2日,定番です,一着はあっていいのです。ベタだとか古いとか見慣れたとか被るとか色々あるとは思いますが一着あると良いと思います。その年でのカラーバリエーションが違うのでこれ違うと思ったら購入してはいかがですか！質は悪く無い商品だと思います。,4711
https://shop.adidas.jp/products/IL3294/,4 / 5,2024年2月28日,着心地が良いよ！,"普段着として、家で、散歩、買い物に着ています。
とても着心地が良いので、つい着てしまうそんな一着です。",Tonbi1961
https://shop.adidas.jp/products/IL3294/,4 / 5,2022年9月11日,着心地は良い,サイズは気持ち大きい感じ、アディダスのパ-カ-は、持ってなかったので購入さそました。生地は柔らかく気持ちよく満足しています。,28fumi
https://shop.adidas.jp/products/IM9417/,4 / 5,2024年4月5日,男性用だけど、女性も着用,"男性用だけど、女性でも着れます
思った通りの丈と、ややルーズなフィット感でちょうど良いです。
試着しかしてないけど、早く他のとコーディネートして着回したいです",Hichew
https://shop.adidas.jp/products/IM9417/,5 / 5,2024年3月30日,着回し,タウンユース、トレーニング、水着として着回す予定です。色も淡い感じでブルーというかラベンダーよりの色味で気に入っています。,8888
https://shop.adidas.jp/products/IM9417/,5 / 5,2023年8月10日,海プールに毎回履いてます,"普段使いに最高な一着です。素材も良いのですが、お尻にポケットがあり、他のスイムパンツなどとは異なって、普段使いできる点は好印象です。
色違いでも購入検討してます。",tky20
https://shop.adidas.jp/products/IM9417/,5 / 5,2024年2月20日,懐かしいかんじが,懐かしいかんじがしました。履き心地がよかったです。色違いでほしくなりました。ありがとうございました。,Tetsu0225
https://shop.adidas.jp/products/IM9417/,4 / 5,2023年8月28日,,クラッシックスタイルがはいてみるとかっこいいし、横になりスリッドがはいっていて動きやすくはきごこちがよかった。,kojikun
https://shop.adidas.jp/products/IM9417/,5 / 5,2023年6月1日,シンブルなスリーストライプ,"デザインはシンプルですが裾のスリーストライプがクロスしているだけでスタイリッシュになりますね。
シルエットもシンプルでキレイです
マイサイズで選んで良いと思います",Sadidas
https://shop.adidas.jp/products/IM9418/,4 / 5,2024年4月5日,男性用だけど、女性も着用,"男性用だけど、女性でも着れます
思った通りの丈と、ややルーズなフィット感でちょうど良いです。
試着しかしてないけど、早く他のとコーディネートして着回したいです",Hichew
https://shop.adidas.jp/products/IM9418/,5 / 5,2024年3月30日,着回し,タウンユース、トレーニング、水着として着回す予定です。色も淡い感じでブルーというかラベンダーよりの色味で気に入っています。,8888
https://shop.adidas.jp/products/IM9418/,5 / 5,2023年8月10日,海プールに毎回履いてます,"普段使いに最高な一着です。素材も良いのですが、お尻にポケットがあり、他のスイムパンツなどとは異なって、普段使いできる点は好印象です。
色違いでも購入検討してます。",tky20
https://shop.adidas.jp/products/IM9418/,5 / 5,2024年2月20日,懐かしいかんじが,懐かしいかんじがしました。履き心地がよかったです。色違いでほしくなりました。ありがとうございました。,Tetsu0225
https://shop.adidas.jp/products/IM9418/,4 / 5,2023年8月28日,,クラッシックスタイルがはいてみるとかっこいいし、横になりスリッドがはいっていて動きやすくはきごこちがよかった。,kojikun
https://shop.adidas.jp/products/IM9418/,5 / 5,2023年6月1日,シンブルなスリーストライプ,"デザインはシンプルですが裾のスリーストライプがクロスしているだけでスタイリッシュになりますね。
シルエットもシンプルでキレイです
マイサイズで選んで良いと思います",Sadidas
https://shop.adidas.jp/products/IM9434/,4 / 5,2024年4月5日,男性用だけど、女性も着用,"男性用だけど、女性でも着れます
思った通りの丈と、ややルーズなフィット感でちょうど良いです。
試着しかしてないけど、早く他のとコーディネートして着回したいです",Hichew
https://shop.adidas.jp/products/IM9434/,5 / 5,2024年3月30日,着回し,タウンユース、トレーニング、水着として着回す予定です。色も淡い感じでブルーというかラベンダーよりの色味で気に入っています。,8888
https://shop.adidas.jp/products/IM9434/,5 / 5,2023年8月10日,海プールに毎回履いてます,"普段使いに最高な一着です。素材も良いのですが、お尻にポケットがあり、他のスイムパンツなどとは異なって、普段使いできる点は好印象です。
色違いでも購入検討してます。",tky20
https://shop.adidas.jp/products/IM9434/,5 / 5,2024年2月20日,懐かしいかんじが,懐かしいかんじがしました。履き心地がよかったです。色違いでほしくなりました。ありがとうございました。,Tetsu0225
https://shop.adidas.jp/products/IM9434/,4 / 5,2023年8月28日,,クラッシックスタイルがはいてみるとかっこいいし、横になりスリッドがはいっていて動きやすくはきごこちがよかった。,kojikun
https://shop.adidas.jp/products/IM9434/,5 / 5,2023年6月1日,シンブルなスリーストライプ,"デザインはシンプルですが裾のスリーストライプがクロスしているだけでスタイリッシュになりますね。
シルエットもシンプルでキレイです
マイサイズで選んで良いと思います",Sadidas
https://shop.adidas.jp/products/IR9894/,1 / 5,2024年2月22日,ワンダーホワイトは透けます,スポーツ用のつもりでワンダーホワイトを購入しましたが下着が透けるので使えませんでした。ウエスト同サイズの他のトラックパンツよりも丈が長く引きずり易くまた両サイドのジッパーがカチャカチャ床や地面に当たります。近隣店舗に置いてあるタイミングで実物を見れなかったので通販だけで買いましたが失敗しました。,messiah
https://shop.adidas.jp/products/IR9894/,5 / 5,2024年4月10日,デザインも色合いも気に入ってます,"デザイン、着心地も良いので普段着にも運動でも良いです。これで２色目です。
身長170,体重70kg上L,下Mで良い感じです。
ゆったり着たい人は、ワンサイズ上が良いかもしれません。",Noir
https://shop.adidas.jp/products/IR9894/,1 / 5,2024年4月14日,返品希望,"サイズガイドに従ったが大き過ぎる
丈も長く、誰かが着たのか擦り傷のようなモノであった。早急に返品希望。ワンサイズしたのエルで新品の取り替えも検討します。",Toshi
https://shop.adidas.jp/products/IR9894/,5 / 5,2024年4月10日,デザインとカラーが気に入った,"デザインとカラーがとても良いです。
レディースよりメンズの方がお気に入りが多いので
いつもメンズのSかXSにしています。",kiyo39
https://shop.adidas.jp/products/IR9894/,3 / 5,2023年10月20日,少し股下が長いです,到着後試着、ウエストが84なのでXLを注文して、正解でした。ただ、股下が長く、床に着きそうですが、その他で不満は有りません。,uesama
https://shop.adidas.jp/products/IR9894/,4 / 5,2024年3月15日,軽い,着心地は普通にいいです。真冬は寒いかもしれませんがこれからの季節良さげです。カラーが写真だとネイビー系が二種類あるので分かりにくかった。,kiita3
https://shop.adidas.jp/products/IR9894/,5 / 5,2024年3月19日,ファイヤーバー良し,アディダスのジャージをいつも着用しています。ブラック・ネイビー系が多い為、今回は以前から気になっていたマルーンにしました。思っていた以上に落ち着いた色味で大変気にいっています。セットアップでも別々でもコーディネート出来るのでヘビロテです。,adiZNE
https://shop.adidas.jp/products/IR9894/,5 / 5,2024年3月1日,かっこいい,"履いててカッコいいジャージです！スポーツというよりは、普段着やおしゃれ着として使えます。
色もかっこいいし、色違いでも買おうか迷ってます！",fuji
https://shop.adidas.jp/products/IR9894/,4 / 5,2024年3月31日,ジャストサイズ。,"173cm.82kgの小太り禿爺です。
足が短い私に、長さがジャストサイズ。
*\(^o^)/*",kobutorijiji
https://shop.adidas.jp/products/IR9894/,5 / 5,2023年11月19日,やっぱりアディダスのパンツと言えば…,"このファイヤーバードが１番お気に入りです。
スポーツの時でも普段の外出にも使えるおしゃれな形。
他の色でリピート予定。",Toshi
https://shop.adidas.jp/products/IR9894/,5 / 5,2024年3月18日,着心地が良い,肌触りもよく春から秋にはちょうどいいのではないでしょうか。身長174cmの自分では、股下が少し長かったです。,hukachan
https://shop.adidas.jp/products/IR9894/,4 / 5,2023年10月18日,,自分は171センチ64キロゆったり着たい方は2サイズアップがおすすめです。特に上着は大きめサイズが良いです,tamu
https://shop.adidas.jp/products/IR9894/,4 / 5,2023年8月9日,さすがあDW,"長年愛用していた貴社のジャージが傷み、購入を検討していました。裾が広いタイプは初めてだったのですが、絶妙なルーズ感がとても気に入りました。
また、丈が長く引きづるのではないかと不安がありましたが、丈の長さもgoodでした。",Masa
https://shop.adidas.jp/products/IK9731/,5 / 5,2024年1月15日,気に入って使用しています,着圧はそれほどないですが、適度なフィット感で着心地がいいため、普段のランニングで重宝しています。使い勝手がとてもいいので色違いで2着買ってしまいました。両サイドにポケットがあり収納が可能なので、エナジージェルを入れています。チャックはありませんが、走ってる際に飛び出ることもないです。とてもいい商品です。,musa10
https://shop.adidas.jp/products/IK9731/,5 / 5,2024年3月31日,ポケット２つがうれしいです,緩すぎずきつすぎず、私にはとってもいいフィットで快適です。また、生地の滑らかさと光沢の具合が素敵です。今持っているレギンスにはポケットが付いてないので電話と鍵を入れられるのでうれしいです。違う色のバリエーションがあるとさらに嬉しいですね。,Kakky7
https://shop.adidas.jp/products/IK9731/,5 / 5,2024年1月31日,ポッケがあるので良い,ジムトレやランニングで使用する際レギンスにポケットがあるとスマホを携帯しながら運動できて活動量計測に有効。,Jimmy
https://shop.adidas.jp/products/IK9731/,5 / 5,2023年9月21日,締めつけ感がなくはきやすい,締めつけがないので、制御なく脚を動かせのが良いです。そして両サイドのポケットが便利です。普段はSサイズですが、以前Sでは小さいかった事と、推奨サイズを試したところMが適性とのことでMを購入しました。概ねサイズはあっていますが、若干ウエスト位置が高いようです。,Sub445
https://shop.adidas.jp/products/IR9902/,5 / 5,2024年3月21日,気に入ってます,"172cm63kg
ブルーのMを購入。モデル写真だと水色ですが実物はもっと青です。スタイリング写真の色です。",onestar1
https://shop.adidas.jp/products/IR9902/,4 / 5,2023年9月13日,ちょうどいい,"サイズ選択が難しかったけど、今回はイメージ通りで良かった。
モデルさんのスリーサイズと着用サイズの記載があると参考にしやすいと思います。",motchan
https://shop.adidas.jp/products/IR9902/,5 / 5,2023年8月15日,マルーンを購入,秋っぽい色が欲しくて注文させて頂きました。届いた実物は期待どおりで、明るすぎず肌触りも良くてとても気に入っております。,ib36
https://shop.adidas.jp/products/IR9902/,5 / 5,2024年3月2日,色合いが良い,ダークブルーということですが、イメージしていたよりは明るめの色合いで気に入りました。177cm腕が長めの体形でXLを購入しましたが、袖の長さは余裕があります。,metaboga
https://shop.adidas.jp/products/IR9902/,4 / 5,2024年2月16日,定番のジャージ,一昨年購入したSSTのトラックジャケットと比較すると、サイズ感はゆったり目で生地は若干薄く感じられる。デザインはとても良い。,KAZU
https://shop.adidas.jp/products/IR9902/,5 / 5,2024年1月22日,,"165センチ52キロの息子へのプレゼントで買いました。
ピタッとした感じではなく少しダボっとした感じがいいようで思っていたとおりのようでした。
とても気に入っています。",banbi
https://shop.adidas.jp/products/IR9902/,4 / 5,2024年3月29日,クラシックだからいい,"肌触りが良くて、ザ定番ですけど、デザインは飽きないと思います。
絞り部分なども作りは良くて長持ちしそうです。",RollAnon
https://shop.adidas.jp/products/IR9902/,3 / 5,2023年11月22日,袖丈短いかな,"T186cm W90kg 肩幅広 黒購入
タイト感ややある 袖丈はあと3cm欲しい 腕白3本ラインが鮮やか 満足度☆☆☆☆★ 価格は高い…",QchanTMAX
https://shop.adidas.jp/products/IR9902/,4 / 5,2023年7月15日,原色に近い青,私の端末の影響か商品写真では水色に近く見えますが実際は原色に近い真っ青です。スタイリングの写真の色が近いと思います。自転車が青なのでスポーツの移動時用に買いました。記事はやや目が詰まっている印象なので秋冬春の使用がいいと思います。,messiah
https://shop.adidas.jp/products/IR9902/,5 / 5,2023年6月30日,普遍の定番スタイル,"普遍の定番スタイルで長く愛用できそうです。
当方身長181、体重80キロ、肩幅48cm
3XL購入しました。
ゆったりめで自分としては最適のサイズ感です。",jack26
https://shop.adidas.jp/products/IR9902/,5 / 5,2023年11月19日,カラーが気に入り買った。,セール対象外の商品でしたが以前から気になってました。一目惚れで買って！カラーもデザインもスタイルも大好きなアディダスコレクション！,Tony888
https://shop.adidas.jp/products/IR9902/,4 / 5,2023年10月9日,デザインが気に入り購入,話題のトラックジャケットとして購入を決めました。180cm83kgで2XLを選択しました。丈感と袖丈はジャストサイズで胸囲は少し余裕がある感じです。若干裏起毛な感じがして秋から初冬、春に活躍出来ると思います。,shinno130
https://shop.adidas.jp/products/IR9902/,4 / 5,2023年7月3日,秋冬用っぽい？,内側が起毛っぽいので運動着にはいまいちかもしれない。通気性が良さそうなのが欲しかったけどファイヤバードはそういう意味？,tsuz
https://shop.adidas.jp/products/IR9902/,5 / 5,2023年9月19日,THIS IS ADIDAS!,"50歳記念に、
大人の男になる為に、
アディカラー クラシックス ファイヤーバード トラックトップ（ジャージ）を選んだ。
正解だった。",3737kuni
https://shop.adidas.jp/products/IS3708/,3 / 5,2024年3月16日,薄めの紫は珍しいので購入,着心地は良いと思いますが、汗をかくとベタベタになります。筋トレには良いと思いますが、スタジオ使用には汗をかきまくる方には、おすすめできましん。,@@@@@
https://shop.adidas.jp/products/HN4756/,5 / 5,2023年2月20日,パッと見はジャージみたいな感じ,主人に黒を購入しました。パッと見はジャージみたいな感じですが、着心地は抜群です！シンプルで普段着にも使用できそうで、主人も気に入ったようでした！,mimi
https://shop.adidas.jp/products/IN4275/,5 / 5,2024年3月29日,最高にカッコいい！,"発色のいいパープルと少し主張のある花柄、わかる人はすぐわかるヨウジヤマモトのサイン。
最高のフットボールクラブと、最高のファッションデザイナーのコラボはやっぱり最高でした。",TU14
https://shop.adidas.jp/products/IN4275/,5 / 5,2024年3月29日,,"最高にかっこいい
コラボデザインは思ったよりかっこよく
近年大好評された生地を使って、快適
いいユニフォーム",yoyohara0910
https://shop.adidas.jp/products/IN4275/,5 / 5,2024年4月14日,オレンジはADIDAS限定,"Y-3サイトとadidasサイト
サイズ表記が違うので心配になる部分がある
品物のサイズは表記は同じとの事
お高いだけあって着心地良いですね
暑い日に快適に着るだけでなく、
Y-3というファッションブランドとしても着ていけるデザインだと思っております
身長173cm、体重63.5、BMI21.5
試着はMサイズです",flower
https://shop.adidas.jp/products/IC1494/,4 / 5,2024年4月1日,娘の制服のスカートのしたに,スカートの下に履いて使用。モコモコせずに快適に過ごしています。蒸れもないようです。とても気に入っています。,Cakeru
https://shop.adidas.jp/products/IC1494/,4 / 5,2023年7月15日,色合いがいい,丈といい、色合いといい、素晴らしいです。軽くてのさらっとしていて、部屋着としてとても重宝する一着です。,Ken@123
https://shop.adidas.jp/products/IC1494/,5 / 5,2023年3月15日,履きやすい,"さらっとしていて着心地はとても快適です。
スタジオレッスンでも活躍すると思います。
色違いが欲しいです。",Sachi
https://shop.adidas.jp/products/IU0037/,5 / 5,2024年3月29日,最高にカッコいい！,"発色のいいパープルと少し主張のある花柄、わかる人はすぐわかるヨウジヤマモトのサイン。
最高のフットボールクラブと、最高のファッションデザイナーのコラボはやっぱり最高でした。",TU14
https://shop.adidas.jp/products/IU0037/,5 / 5,2024年3月29日,,"最高にかっこいい
コラボデザインは思ったよりかっこよく
近年大好評された生地を使って、快適
いいユニフォーム",yoyohara0910
https://shop.adidas.jp/products/IU0037/,5 / 5,2024年4月14日,オレンジはADIDAS限定,"Y-3サイトとadidasサイト
サイズ表記が違うので心配になる部分がある
品物のサイズは表記は同じとの事
お高いだけあって着心地良いですね
暑い日に快適に着るだけでなく、
Y-3というファッションブランドとしても着ていけるデザインだと思っております
身長173cm、体重63.5、BMI21.5
試着はMサイズです",flower
https://shop.adidas.jp/products/IS3832/,5 / 5,2024年4月6日,タンクトップに合わせて,タンクトップにあわせて購入しました。モデルが着用されていて、ホワイトのタンクトップにあわせています。速乾性に優れているのか、 BODYATTACKでも汗染みは気になりません。とてもおすすめです。,LMNZ68
https://shop.adidas.jp/products/IS3832/,4 / 5,2024年4月7日,合わせやすいカラーです,スタジオで使用するために購入しました。あまりない色なのでコーディネートが難しいかと思いましたが、黒、白ともに合いますし、アースカラー系であれば問題ないと思います。薄手なのでこれからの季節に良いと思います。,maakun
https://shop.adidas.jp/products/IS3832/,5 / 5,2024年3月16日,ワークアウトに最適,"軽い快適な素材にサイドのスリットが入り、動きやすい。
明るいカラーにスリット部分の黒テープがアクセントのデザインもお気に入り。",numa2tan
https://shop.adidas.jp/products/IU2341,5 / 5,2024年4月3日,ユニークなデザイン、女性の私にとってとても美しいです,このシャツは本当に気に入っています、クールで私のスタイルにとてもよく合っています. 友達全員に買ったのですが、みんなとても気に入ってくれました,Zanzan
https://shop.adidas.jp/products/IU2341,5 / 5,2024年4月1日,狙った通りのシルエット,"自分は172センチ 67キロ テニスを割とやっていて肩幅広め
ホワイトのXLを購入
ルーズフィット目にして、下にロンTきたり、薄手のパーカーを合わせようとしてこのサイズに。
狙い通りのシルエットができました。
肩が落ちているデザインで、縦のストライプが写真のように入っているのが気に入ったのと、アディダスのトレフォイルマークが入っているコットン生地タイプのＴシャツは多いのですが、これは100 ...
（続きを 読む）",JAM1008
https://shop.adidas.jp/products/IS3819/,4 / 5,2024年3月18日,１サイズ下げてみました,"レスミルズコラボ商品の同じデザインのタンクトップはMサイズを選びました。少し大きいと感じたのでこちらはＳを購入し、結果フィット感が良く大正解。
もう少しカラーバリエーションがあると嬉しいですね。",hiro
https://shop.adidas.jp/products/IS3819/,5 / 5,2024年3月23日,デザインが気に入ってます。,デザインが気に入って購入しました。脇がちょっと広いですが着心地も良くお気に入りです。早速着てレッスン参加します。,hiro55
https://shop.adidas.jp/products/IS3819/,5 / 5,2024年3月19日,シンプル 着心地◎,シンプルで着やすい 生地感も凄く良くヘビロテ決定の1枚です。出来れば色ちがいも発売して頂ければと思います,Adida
https://shop.adidas.jp/products/IS3711/,3 / 5,2024年3月16日,薄めの紫は珍しいので購入,着心地は良いと思いますが、汗をかくとベタベタになります。筋トレには良いと思いますが、スタジオ使用には汗をかきまくる方には、おすすめできましん。,@@@@@
https://shop.adidas.jp/products/IW0241/,4 / 5,2024年3月21日,,軽くて生地もちょうど良い感じ。ロゴがもうちょっと大きくても良いかな。全体的にはほぼ満足できる商品です。,romu
https://shop.adidas.jp/products/IT3425,2 / 5,2024年3月31日,相当小さい,普段はMサイズのサイクルジャージ着てるのでMサイズ買ったらXSサイズかと思った。後ろポケットも小さいです。,Jackie28
https://shop.adidas.jp/products/IT3425,5 / 5,2024年3月19日,春が待ち遠しいです。,待望の新作を運良く手に入れることが出来ました。デザイン、サイズ感ともに満足しています。何よりも、adidasサイクルジャージというレア感がたまらなく、早く来て走りたいです♪,giggs11
https://shop.adidas.jp/products/IP2310,5 / 5,2024年4月2日,品質◎ 着心地◎ サイズ小さめ,"品質◎着心地◎滝汗OK◎なTシャツです。
サイズはタイトで小さめですね、好みもあるかと思いますが、私はタイトよりゆったり着たいので176㎝70ｷﾛで2XL購入 いい感じです",Adida
https://shop.adidas.jp/products/IP2310,5 / 5,2024年3月30日,カラーも着心地も良い,"カラーも着心地も気に入いりました。汗をかいもすぐ乾く速乾性能も高く運動時に最適です。
色違いも欲しくなりました。",nagot555
https://shop.adidas.jp/products/IR5874/,5 / 5,2024年4月2日,品質◎ 着心地◎ サイズ小さめ,"品質◎着心地◎滝汗OK◎なTシャツです。
サイズはタイトで小さめですね、好みもあるかと思いますが、私はタイトよりゆったり着たいので176㎝70ｷﾛで2XL購入 いい感じです",Adida
https://shop.adidas.jp/products/IR5874/,5 / 5,2024年3月30日,カラーも着心地も良い,"カラーも着心地も気に入いりました。汗をかいもすぐ乾く速乾性能も高く運動時に最適です。
色違いも欲しくなりました。",nagot555
https://shop.adidas.jp/products/IN3709,5 / 5,2024年4月10日,デザイン最高,"シンプルなTシャツがほしくて購入しました。
胸元にシンプルなラバーのロゴがかなり気に入りました。色合いも真っ白じゃなくて良かったです。",tata
https://shop.adidas.jp/products/IS3833/,5 / 5,2024年4月6日,タンクトップに合わせて,タンクトップにあわせて購入しました。モデルが着用されていて、ホワイトのタンクトップにあわせています。速乾性に優れているのか、 BODYATTACKでも汗染みは気になりません。とてもおすすめです。,LMNZ68
https://shop.adidas.jp/products/IS3833/,4 / 5,2024年4月7日,合わせやすいカラーです,スタジオで使用するために購入しました。あまりない色なのでコーディネートが難しいかと思いましたが、黒、白ともに合いますし、アースカラー系であれば問題ないと思います。薄手なのでこれからの季節に良いと思います。,maakun
https://shop.adidas.jp/products/IS3833/,5 / 5,2024年3月16日,ワークアウトに最適,"軽い快適な素材にサイドのスリットが入り、動きやすい。
明るいカラーにスリット部分の黒テープがアクセントのデザインもお気に入り。",numa2tan
