https://shop.adidas.jp/products/IU2341,フォーラム ロー / FORUM LOW,"12,100",FY7755,https://shop.adidas.jp/photo/FY/FY7755/s-FY7755-standard-side_lateral_view.jpg,https://shop.adidas.jp/products/FY7755
https://shop.adidas.jp/products/IU2341,フォーラム ロー / FORUM LOW,"12,100",FY7755,https://shop.adidas.jp/photo/FY/FY7755/s-FY7755-standard-side_lateral_view.jpg,https://shop.adidas.jp/products/FY7755
https://shop.adidas.jp/products/IV5577,,,IG4073,https://shop.adidas.jp/photo/IG/IG4073/s-IG4073-standard-side_lateral_view-BNOl31Pv96.jpg,https://shop.adidas.jp/products/IG4073
https://shop.adidas.jp/products/IV5577,,,IY0096,https://shop.adidas.jp/photo/IY/IY0096/s-IY0096-standard-front_view-MZRRX6hplV.jpg,https://shop.adidas.jp/products/IY0096
https://shop.adidas.jp/products/IS2661,,,IE3151,https://shop.adidas.jp/photo/IE/IE3151/s-IE3151-standard-side_lateral_view-YQ7QuaY5Ry.jpg,https://shop.adidas.jp/products/IE3151
https://shop.adidas.jp/products/IU2341,フォーラム ロー / FORUM LOW,"12,100",FY7755,https://shop.adidas.jp/photo/FY/FY7755/s-FY7755-standard-side_lateral_view.jpg,https://shop.adidas.jp/products/FY7755
https://shop.adidas.jp/products/IV5577,,,IG4073,https://shop.adidas.jp/photo/IG/IG4073/s-IG4073-standard-side_lateral_view-BNOl31Pv96.jpg,https://shop.adidas.jp/products/IG4073
https://shop.adidas.jp/products/IV5577,,,IY0096,https://shop.adidas.jp/photo/IY/IY0096/s-IY0096-standard-front_view-MZRRX6hplV.jpg,https://shop.adidas.jp/products/IY0096
https://shop.adidas.jp/products/IS2661,,,IE3151,https://shop.adidas.jp/photo/IE/IE3151/s-IE3151-standard-side_lateral_view-YQ7QuaY5Ry.jpg,https://shop.adidas.jp/products/IE3151
https://shop.adidas.jp/products/IU2341,フォーラム ロー / FORUM LOW,"12,100",FY7755,https://shop.adidas.jp/photo/FY/FY7755/s-FY7755-standard-side_lateral_view.jpg,https://shop.adidas.jp/products/FY7755
https://shop.adidas.jp/products/IV5577,,,IG4073,https://shop.adidas.jp/photo/IG/IG4073/s-IG4073-standard-side_lateral_view-BNOl31Pv96.jpg,https://shop.adidas.jp/products/IG4073
https://shop.adidas.jp/products/IV5577,,,IY0096,https://shop.adidas.jp/photo/IY/IY0096/s-IY0096-standard-front_view-MZRRX6hplV.jpg,https://shop.adidas.jp/products/IY0096
https://shop.adidas.jp/products/IS2661,,,IE3151,https://shop.adidas.jp/photo/IE/IE3151/s-IE3151-standard-side_lateral_view-YQ7QuaY5Ry.jpg,https://shop.adidas.jp/products/IE3151
https://shop.adidas.jp/products/IU2341,フォーラム ロー / FORUM LOW,"12,100",FY7755,https://shop.adidas.jp/photo/FY/FY7755/s-FY7755-standard-side_lateral_view.jpg,https://shop.adidas.jp/products/FY7755
https://shop.adidas.jp/products/IV5577,,,IG4073,https://shop.adidas.jp/photo/IG/IG4073/s-IG4073-standard-side_lateral_view-BNOl31Pv96.jpg,https://shop.adidas.jp/products/IG4073
https://shop.adidas.jp/products/IV5577,,,IY0096,https://shop.adidas.jp/photo/IY/IY0096/s-IY0096-standard-front_view-MZRRX6hplV.jpg,https://shop.adidas.jp/products/IY0096
https://shop.adidas.jp/products/IS2661,,,IE3151,https://shop.adidas.jp/photo/IE/IE3151/s-IE3151-standard-side_lateral_view-YQ7QuaY5Ry.jpg,https://shop.adidas.jp/products/IE3151
https://shop.adidas.jp/products/IU2341,フォーラム ロー / FORUM LOW,"12,100",FY7755,https://shop.adidas.jp/photo/FY/FY7755/s-FY7755-standard-side_lateral_view.jpg,https://shop.adidas.jp/products/FY7755
https://shop.adidas.jp/products/IV5577,,,IG4073,https://shop.adidas.jp/photo/IG/IG4073/s-IG4073-standard-side_lateral_view-BNOl31Pv96.jpg,https://shop.adidas.jp/products/IG4073
https://shop.adidas.jp/products/IV5577,,,IY0096,https://shop.adidas.jp/photo/IY/IY0096/s-IY0096-standard-front_view-MZRRX6hplV.jpg,https://shop.adidas.jp/products/IY0096
https://shop.adidas.jp/products/IS2661,,,IE3151,https://shop.adidas.jp/photo/IE/IE3151/s-IE3151-standard-side_lateral_view-YQ7QuaY5Ry.jpg,https://shop.adidas.jp/products/IE3151
https://shop.adidas.jp/products/IU2341,フォーラム ロー / FORUM LOW,"12,100",FY7755,https://shop.adidas.jp/photo/FY/FY7755/s-FY7755-standard-side_lateral_view.jpg,https://shop.adidas.jp/products/FY7755
https://shop.adidas.jp/products/IV5577,,,IG4073,https://shop.adidas.jp/photo/IG/IG4073/s-IG4073-standard-side_lateral_view-BNOl31Pv96.jpg,https://shop.adidas.jp/products/IG4073
https://shop.adidas.jp/products/IV5577,,,IY0096,https://shop.adidas.jp/photo/IY/IY0096/s-IY0096-standard-front_view-MZRRX6hplV.jpg,https://shop.adidas.jp/products/IY0096
https://shop.adidas.jp/products/IU2341,フォーラム ロー / FORUM LOW,"12,100",FY7755,https://shop.adidas.jp/photo/FY/FY7755/s-FY7755-standard-side_lateral_view.jpg,https://shop.adidas.jp/products/FY7755
https://shop.adidas.jp/products/IV5577,,,IG4073,https://shop.adidas.jp/photo/IG/IG4073/s-IG4073-standard-side_lateral_view-BNOl31Pv96.jpg,https://shop.adidas.jp/products/IG4073
https://shop.adidas.jp/products/IV5577,,,IY0096,https://shop.adidas.jp/photo/IY/IY0096/s-IY0096-standard-front_view-MZRRX6hplV.jpg,https://shop.adidas.jp/products/IY0096
https://shop.adidas.jp/products/IS2661,,,IE3151,https://shop.adidas.jp/photo/IE/IE3151/s-IE3151-standard-side_lateral_view-YQ7QuaY5Ry.jpg,https://shop.adidas.jp/products/IE3151
https://shop.adidas.jp/products/IU0085,ノラ / NORA,"13,200",IE3119,https://shop.adidas.jp/photo/IE/IE3119/s-IE3119-standard-side_lateral_view-7WwWPNGRhl.jpg,https://shop.adidas.jp/products/IE3119
https://shop.adidas.jp/products/IU0085,スリーストライプス スケートチノパンツ,"8,360",IJ0970,https://shop.adidas.jp/photo/IJ/IJ0970/s-IJ0970-on_model-standard_unisex_pair_shot-G8h8fBSkYL.jpg,https://shop.adidas.jp/products/IJ0970
https://shop.adidas.jp/products/IU2341,フォーラム ロー / FORUM LOW,"12,100",FY7755,https://shop.adidas.jp/photo/FY/FY7755/s-FY7755-standard-side_lateral_view.jpg,https://shop.adidas.jp/products/FY7755
https://shop.adidas.jp/products/IV5577,,,IG4073,https://shop.adidas.jp/photo/IG/IG4073/s-IG4073-standard-side_lateral_view-BNOl31Pv96.jpg,https://shop.adidas.jp/products/IG4073
https://shop.adidas.jp/products/IV5577,,,IY0096,https://shop.adidas.jp/photo/IY/IY0096/s-IY0096-standard-front_view-MZRRX6hplV.jpg,https://shop.adidas.jp/products/IY0096
https://shop.adidas.jp/products/IS2661,,,IE3151,https://shop.adidas.jp/photo/IE/IE3151/s-IE3151-standard-side_lateral_view-YQ7QuaY5Ry.jpg,https://shop.adidas.jp/products/IE3151
https://shop.adidas.jp/products/IU0085,ノラ / NORA,"13,200",IE3119,https://shop.adidas.jp/photo/IE/IE3119/s-IE3119-standard-side_lateral_view-7WwWPNGRhl.jpg,https://shop.adidas.jp/products/IE3119
https://shop.adidas.jp/products/IU0085,スリーストライプス スケートチノパンツ,"8,360",IJ0970,https://shop.adidas.jp/photo/IJ/IJ0970/s-IJ0970-on_model-standard_unisex_pair_shot-G8h8fBSkYL.jpg,https://shop.adidas.jp/products/IJ0970
https://shop.adidas.jp/products/IU2341,フォーラム ロー / FORUM LOW,"12,100",FY7755,https://shop.adidas.jp/photo/FY/FY7755/s-FY7755-standard-side_lateral_view.jpg,https://shop.adidas.jp/products/FY7755
https://shop.adidas.jp/products/IV5577,,,IG4073,https://shop.adidas.jp/photo/IG/IG4073/s-IG4073-standard-side_lateral_view-BNOl31Pv96.jpg,https://shop.adidas.jp/products/IG4073
https://shop.adidas.jp/products/IV5577,,,IY0096,https://shop.adidas.jp/photo/IY/IY0096/s-IY0096-standard-front_view-MZRRX6hplV.jpg,https://shop.adidas.jp/products/IY0096
https://shop.adidas.jp/products/IS2661,,,IE3151,https://shop.adidas.jp/photo/IE/IE3151/s-IE3151-standard-side_lateral_view-YQ7QuaY5Ry.jpg,https://shop.adidas.jp/products/IE3151
https://shop.adidas.jp/products/IU0085,ノラ / NORA,"13,200",IE3119,https://shop.adidas.jp/photo/IE/IE3119/s-IE3119-standard-side_lateral_view-7WwWPNGRhl.jpg,https://shop.adidas.jp/products/IE3119
https://shop.adidas.jp/products/IU0085,スリーストライプス スケートチノパンツ,"8,360",IJ0970,https://shop.adidas.jp/photo/IJ/IJ0970/s-IJ0970-on_model-standard_unisex_pair_shot-G8h8fBSkYL.jpg,https://shop.adidas.jp/products/IJ0970
https://shop.adidas.jp/products/IU2341,フォーラム ロー / FORUM LOW,"12,100",FY7755,https://shop.adidas.jp/photo/FY/FY7755/s-FY7755-standard-side_lateral_view.jpg,https://shop.adidas.jp/products/FY7755
https://shop.adidas.jp/products/IV5577,,,IG4073,https://shop.adidas.jp/photo/IG/IG4073/s-IG4073-standard-side_lateral_view-BNOl31Pv96.jpg,https://shop.adidas.jp/products/IG4073
https://shop.adidas.jp/products/IV5577,,,IY0096,https://shop.adidas.jp/photo/IY/IY0096/s-IY0096-standard-front_view-MZRRX6hplV.jpg,https://shop.adidas.jp/products/IY0096
https://shop.adidas.jp/products/IS2661,,,IE3151,https://shop.adidas.jp/photo/IE/IE3151/s-IE3151-standard-side_lateral_view-YQ7QuaY5Ry.jpg,https://shop.adidas.jp/products/IE3151
https://shop.adidas.jp/products/IU0085,ノラ / NORA,"13,200",IE3119,https://shop.adidas.jp/photo/IE/IE3119/s-IE3119-standard-side_lateral_view-7WwWPNGRhl.jpg,https://shop.adidas.jp/products/IE3119
https://shop.adidas.jp/products/IU0085,スリーストライプス スケートチノパンツ,"8,360",IJ0970,https://shop.adidas.jp/photo/IJ/IJ0970/s-IJ0970-on_model-standard_unisex_pair_shot-G8h8fBSkYL.jpg,https://shop.adidas.jp/products/IJ0970
